Date,AOR_Key,Encounter_Count,Count_of_Event,Sum_Qty_(lbs)
2022-01-01,ATLANTA FIELD,1501.0,12.0,6383.96952658546
2022-01-01,BALTIMORE FIELD,1457.0,76.0,237.08172143596522
2022-01-01,BIG BEND,2379.0,42.0,1147.8992
2022-01-01,BLAINE SECTOR,26.0,0.0,0.0
2022-01-01,BOSTON FIELD,2741.0,36.0,310.4139734138942
2022-01-01,BUFFALO FIELD,3169.0,68.0,32.332444189265
2022-01-01,BUFFALO SECTOR,3.0,3.0,0.0509
2022-01-01,CHICAGO FIELD,312.0,1122.0,3905.988582908144
2022-01-01,DEL RIO,31154.0,26.0,8.5228
2022-01-01,DETROIT FIELD,377.0,104.0,5857.072127937463
2022-01-01,DETROIT SECTOR,2.0,0.0,0.0
2022-01-01,EL CENTRO,4830.0,14.0,191.48199999999997
2022-01-01,EL PASO,18811.0,148.0,1249.4081650747933
2022-01-01,GRAND FORKS,8.0,0.0,0.0
2022-01-01,HAVRE SECTOR,2.0,0.0,0.0
2022-01-01,HOULTON SECTOR,4.0,0.0,0.0
2022-01-01,HOUSTON FIELD,5415.0,78.0,1847.9785700475277
2022-01-01,LAREDO FIELD,3031.0,80.0,4237.359676901532
2022-01-01,LAREDO SECTOR,7375.0,25.0,1601.6319999999998
2022-01-01,LOS ANGELES,1766.0,236.0,1856.3579437940762
2022-01-01,MIAMI FIELD,4422.0,658.0,1713.5382796412719
2022-01-01,MIAMI SECTOR,233.0,5.0,16.1719
2022-01-01,NEW ORLEANS,2840.0,119.0,965.0815987775629
2022-01-01,NEW YORK,1242.0,2324.0,5301.467257889362
2022-01-01,PORTLAND FIELD,92.0,6.0,73.63880475324
2022-01-01,PRECLEARANCE FIELD,537.0,34.0,2.1291804339436
2022-01-01,RAMEY SECTOR,314.0,1.0,871.1073
2022-01-01,RIO GRANDE,30232.0,50.0,2908.8305
2022-01-01,SAN DIEGO,15468.0,253.0,5948.356867934543
2022-01-01,SAN FRANCISCO,721.0,146.0,1100.4338313305818
2022-01-01,SAN JUAN,554.0,130.0,409.7924306886464
2022-01-01,SEATTLE FIELD,2174.0,112.0,14.773396638882
2022-01-01,SPOKANE SECTOR,8.0,0.0,0.0
2022-01-01,SWANTON SECTOR,24.0,3.0,0.19099999999999998
2022-01-01,TAMPA FIELD,1456.0,112.0,250.92637670371977
2022-01-01,TUCSON FIELD,554.0,47.0,842.9485921012309
2022-01-01,TUCSON SECTOR,17716.0,73.0,520.1626
2022-01-01,YUMA SECTOR,23858.0,6.0,209.1946
2022-02-01,ATLANTA FIELD,813.0,18.0,7.5884653816234
2022-02-01,BALTIMORE FIELD,1353.0,80.0,297.6180571264736
2022-02-01,BIG BEND,3007.0,47.0,1460.1884000000002
2022-02-01,BLAINE SECTOR,14.0,2.0,0.0868
2022-02-01,BOSTON FIELD,1352.0,34.0,28.898854689746003
2022-02-01,BUFFALO FIELD,3145.0,79.0,23.7462327485082
2022-02-01,BUFFALO SECTOR,3.0,1.0,0.0066
2022-02-01,CHICAGO FIELD,330.0,983.0,4654.5080073316185
2022-02-01,DEL RIO,30815.0,20.0,28.5049
2022-02-01,DETROIT FIELD,359.0,53.0,570.4086684329125
2022-02-01,DETROIT SECTOR,0.0,4.0,2.9411000000000005
2022-02-01,EL CENTRO,5689.0,17.0,283.2527
2022-02-01,EL PASO,21358.0,130.0,435.763842336751
2022-02-01,GRAND FORKS,3.0,0.0,0.0
2022-02-01,HAVRE SECTOR,5.0,0.0,0.0
2022-02-01,HOULTON SECTOR,50.0,1.0,0.037
2022-02-01,HOUSTON FIELD,5165.0,90.0,3976.4849185788344
2022-02-01,LAREDO FIELD,3023.0,96.0,2768.1977960675063
2022-02-01,LAREDO SECTOR,9501.0,19.0,766.2778000000001
2022-02-01,LOS ANGELES,1564.0,214.0,2149.7876588670733
2022-02-01,MIAMI FIELD,1717.0,968.0,1499.7213895585114
2022-02-01,MIAMI SECTOR,55.0,12.0,89.9277
2022-02-01,NEW ORLEANS,1772.0,107.0,697.0047974471089
2022-02-01,NEW YORK,1148.0,2107.0,23610.557186001723
2022-02-01,PORTLAND FIELD,126.0,9.0,23.370432776702998
2022-02-01,PRECLEARANCE FIELD,590.0,30.0,2.1842519069912
2022-02-01,RAMEY SECTOR,135.0,0.0,0.0
2022-02-01,RIO GRANDE,33847.0,52.0,3200.7454999999995
2022-02-01,SAN DIEGO,16449.0,312.0,9187.544798429419
2022-02-01,SAN FRANCISCO,835.0,159.0,396.0698012829088
2022-02-01,SAN JUAN,564.0,101.0,293.1908221658944
2022-02-01,SEATTLE FIELD,2312.0,117.0,19.724251517937397
2022-02-01,SPOKANE SECTOR,7.0,0.0,0.0
2022-02-01,SWANTON SECTOR,40.0,1.0,0.0257
2022-02-01,TAMPA FIELD,679.0,85.0,63.049980263153806
2022-02-01,TUCSON FIELD,577.0,81.0,2758.542188332468
2022-02-01,TUCSON SECTOR,21208.0,95.0,503.6338000000001
2022-02-01,YUMA SECTOR,20968.0,15.0,55.7832
2022-03-01,ATLANTA FIELD,1097.0,27.0,3004.2215191081355
2022-03-01,BALTIMORE FIELD,1271.0,153.0,776.8734507251394
2022-03-01,BIG BEND,3665.0,80.0,282.3634
2022-03-01,BLAINE SECTOR,23.0,4.0,0.0628
2022-03-01,BOSTON FIELD,1199.0,28.0,50.5201619259672
2022-03-01,BUFFALO FIELD,4412.0,170.0,49.204465192577395
2022-03-01,BUFFALO SECTOR,7.0,0.0,0.0
2022-03-01,CHICAGO FIELD,414.0,771.0,4174.00823654132
2022-03-01,DEL RIO,41631.0,26.0,23.5878
2022-03-01,DETROIT FIELD,478.0,145.0,45.6946177966326
2022-03-01,DETROIT SECTOR,1.0,4.0,2.7133
2022-03-01,EL CENTRO,7567.0,10.0,69.4043
2022-03-01,EL PASO,26672.0,133.0,1361.9537293420276
2022-03-01,GRAND FORKS,1.0,0.0,0.0
2022-03-01,HAVRE SECTOR,8.0,0.0,0.0
2022-03-01,HOULTON SECTOR,15.0,3.0,0.1552
2022-03-01,HOUSTON FIELD,6438.0,116.0,90.7675981531038
2022-03-01,LAREDO FIELD,3202.0,124.0,3340.721226702429
2022-03-01,LAREDO SECTOR,13800.0,27.0,931.6469
2022-03-01,LOS ANGELES,1821.0,241.0,1803.9224057358529
2022-03-01,MIAMI FIELD,2158.0,812.0,1137.74290243733
2022-03-01,MIAMI SECTOR,485.0,13.0,27.952
2022-03-01,NEW ORLEANS,1054.0,165.0,743.250486592805
2022-03-01,NEW YORK,813.0,1933.0,9497.180952112309
2022-03-01,PORTLAND FIELD,217.0,4.0,3.674664983016
2022-03-01,PRECLEARANCE FIELD,698.0,42.0,2.8171549687408
2022-03-01,RAMEY SECTOR,100.0,3.0,283.86940000000004
2022-03-01,RIO GRANDE,44072.0,70.0,4362.5262999999995
2022-03-01,SAN DIEGO,23298.0,376.0,8962.531556240097
2022-03-01,SAN FRANCISCO,1058.0,221.0,225.2900989368594
2022-03-01,SAN JUAN,500.0,137.0,1244.8094299436773
2022-03-01,SEATTLE FIELD,2685.0,251.0,57.499071199386805
2022-03-01,SPOKANE SECTOR,1.0,0.0,0.0
2022-03-01,SWANTON SECTOR,61.0,0.0,0.0
2022-03-01,TAMPA FIELD,557.0,74.0,33.087196743222
2022-03-01,TUCSON FIELD,759.0,88.0,1571.8075667853905
2022-03-01,TUCSON SECTOR,27239.0,92.0,164.4168
2022-03-01,YUMA SECTOR,30927.0,14.0,71.1159
2022-04-01,ATLANTA FIELD,892.0,13.0,8.6555027297034
2022-04-01,BALTIMORE FIELD,1097.0,121.0,690.7369710325124
2022-04-01,BIG BEND,3383.0,75.0,1171.4138
2022-04-01,BLAINE SECTOR,42.0,9.0,0.49260000000000004
2022-04-01,BOSTON FIELD,1664.0,36.0,12.0988807536552
2022-04-01,BUFFALO FIELD,5093.0,136.0,2888.0516197868315
2022-04-01,BUFFALO SECTOR,1.0,2.0,0.34950000000000003
2022-04-01,CHICAGO FIELD,466.0,689.0,4987.9056786222145
2022-04-01,DEL RIO,40931.0,16.0,1.3797000000000001
2022-04-01,DETROIT FIELD,652.0,94.0,154.12986321038062
2022-04-01,DETROIT SECTOR,4.0,2.0,0.31020000000000003
2022-04-01,EL CENTRO,6248.0,20.0,294.5158
2022-04-01,EL PASO,31306.0,184.0,1424.44209300544
2022-04-01,GRAND FORKS,10.0,0.0,0.0
2022-04-01,HAVRE SECTOR,8.0,0.0,0.0
2022-04-01,HOULTON SECTOR,48.0,5.0,0.3593
2022-04-01,HOUSTON FIELD,5670.0,67.0,148.5781825286966
2022-04-01,LAREDO FIELD,6994.0,98.0,9158.418838739144
2022-04-01,LAREDO SECTOR,12577.0,18.0,254.7003
2022-04-01,LOS ANGELES,1459.0,202.0,897.9976441367855
2022-04-01,MIAMI FIELD,1373.0,873.0,1839.0270085461843
2022-04-01,MIAMI SECTOR,207.0,19.0,127.79650000000001
2022-04-01,NEW ORLEANS,1182.0,116.0,1398.7094171534704
2022-04-01,NEW YORK,779.0,1513.0,10440.963228787301
2022-04-01,PORTLAND FIELD,114.0,3.0,0.50265395736
2022-04-01,PRECLEARANCE FIELD,771.0,29.0,27.3123862061678
2022-04-01,RAMEY SECTOR,72.0,2.0,538.0994
2022-04-01,RIO GRANDE,41922.0,72.0,2259.765
2022-04-01,SAN DIEGO,37803.0,299.0,7206.882770061795
2022-04-01,SAN FRANCISCO,962.0,63.0,204.87478641245679
2022-04-01,SAN JUAN,628.0,128.0,4390.833488512653
2022-04-01,SEATTLE FIELD,2294.0,117.0,42.9627817232858
2022-04-01,SPOKANE SECTOR,9.0,2.0,0.038400000000000004
2022-04-01,SWANTON SECTOR,84.0,3.0,108.6373
2022-04-01,TAMPA FIELD,457.0,71.0,840.1100743393024
2022-04-01,TUCSON FIELD,945.0,94.0,1279.8963075881438
2022-04-01,TUCSON SECTOR,25281.0,97.0,445.5702
2022-04-01,YUMA SECTOR,28681.0,7.0,16.483600000000003
2022-05-01,ATLANTA FIELD,1252.0,17.0,25.8878031615762
2022-05-01,BALTIMORE FIELD,985.0,137.0,450.185702702096
2022-05-01,BIG BEND,2880.0,92.0,2280.3172
2022-05-01,BLAINE SECTOR,61.0,1.0,0.0181
2022-05-01,BOSTON FIELD,1609.0,58.0,284.6784655829074
2022-05-01,BUFFALO FIELD,6235.0,87.0,21.872038966793802
2022-05-01,BUFFALO SECTOR,9.0,2.0,0.0872
2022-05-01,CHICAGO FIELD,1653.0,598.0,4690.516946340674
2022-05-01,DEL RIO,44735.0,18.0,0.6109999999999999
2022-05-01,DETROIT FIELD,880.0,135.0,2227.3503391442946
2022-05-01,DETROIT SECTOR,8.0,4.0,16.1064
2022-05-01,EL CENTRO,6996.0,21.0,268.89750000000004
2022-05-01,EL PASO,36302.0,183.0,950.9766605947276
2022-05-01,GRAND FORKS,7.0,0.0,0.0
2022-05-01,HAVRE SECTOR,10.0,0.0,0.0
2022-05-01,HOULTON SECTOR,22.0,4.0,0.125
2022-05-01,HOUSTON FIELD,5700.0,102.0,10568.209901723176
2022-05-01,LAREDO FIELD,7264.0,87.0,2475.3388357446024
2022-05-01,LAREDO SECTOR,11682.0,38.0,436.0719
2022-05-01,LOS ANGELES,1942.0,215.0,1339.9368236514144
2022-05-01,MIAMI FIELD,2055.0,776.0,810.4367136769242
2022-05-01,MIAMI SECTOR,289.0,8.0,38.2428
2022-05-01,NEW ORLEANS,952.0,140.0,546.970840342716
2022-05-01,NEW YORK,2447.0,905.0,2409.605984076492
2022-05-01,PORTLAND FIELD,471.0,8.0,140.477230572828
2022-05-01,PRECLEARANCE FIELD,816.0,47.0,2.2807702852948
2022-05-01,RAMEY SECTOR,214.0,1.0,649.3725
2022-05-01,RIO GRANDE,46011.0,62.0,2196.9626000000003
2022-05-01,SAN DIEGO,24196.0,308.0,9881.822900478639
2022-05-01,SAN FRANCISCO,1561.0,129.0,430.9615698255056
2022-05-01,SAN JUAN,512.0,116.0,1966.0544097162735
2022-05-01,SEATTLE FIELD,2755.0,115.0,309.0971082305158
2022-05-01,SPOKANE SECTOR,10.0,3.0,0.2838
2022-05-01,SWANTON SECTOR,70.0,4.0,0.3314
2022-05-01,TAMPA FIELD,973.0,36.0,9.8738653744202
2022-05-01,TUCSON FIELD,1118.0,70.0,1107.3106445304693
2022-05-01,TUCSON SECTOR,25939.0,98.0,143.9272
2022-05-01,YUMA SECTOR,34371.0,15.0,51.7831
2022-06-01,ATLANTA FIELD,1694.0,12.0,11.822509262012
2022-06-01,BALTIMORE FIELD,1440.0,134.0,596.1585944958338
2022-06-01,BIG BEND,2024.0,70.0,2273.6509
2022-06-01,BLAINE SECTOR,61.0,0.0,0.0
2022-06-01,BOSTON FIELD,1976.0,42.0,4.5981373060816
2022-06-01,BUFFALO FIELD,7076.0,120.0,62.4971270487364
2022-06-01,BUFFALO SECTOR,3.0,1.0,1.3
2022-06-01,CHICAGO FIELD,2912.0,662.0,2814.716325429687
2022-06-01,DEL RIO,45610.0,14.0,0.408
2022-06-01,DETROIT FIELD,914.0,118.0,1513.8777123260559
2022-06-01,DETROIT SECTOR,15.0,6.0,18.058199999999996
2022-06-01,EL CENTRO,6305.0,13.0,188.5975
2022-06-01,EL PASO,28039.0,164.0,1245.4776597260072
2022-06-01,GRAND FORKS,2.0,0.0,0.0
2022-06-01,HAVRE SECTOR,6.0,1.0,0.0006
2022-06-01,HOULTON SECTOR,33.0,4.0,0.0363999999999999
2022-06-01,HOUSTON FIELD,5320.0,58.0,627.1048601665476
2022-06-01,LAREDO FIELD,7516.0,86.0,2644.5680490482314
2022-06-01,LAREDO SECTOR,9886.0,17.0,51.3342
2022-06-01,LOS ANGELES,2332.0,221.0,1717.8799091055166
2022-06-01,MIAMI FIELD,2284.0,781.0,1219.3701131616876
2022-06-01,MIAMI SECTOR,239.0,12.0,59.1592
2022-06-01,NEW ORLEANS,1101.0,121.0,762.8545861779525
2022-06-01,NEW YORK,4518.0,1032.0,4472.465395083192
2022-06-01,PORTLAND FIELD,637.0,3.0,11.75394549853
2022-06-01,PRECLEARANCE FIELD,852.0,33.0,4.7604195771398
2022-06-01,RAMEY SECTOR,137.0,2.0,1958.115
2022-06-01,RIO GRANDE,44663.0,68.0,1504.9491999999998
2022-06-01,SAN DIEGO,19432.0,277.0,7611.557391957879
2022-06-01,SAN FRANCISCO,1451.0,76.0,294.1762223383558
2022-06-01,SAN JUAN,578.0,102.0,6757.06581534817
2022-06-01,SEATTLE FIELD,3016.0,98.0,20235.67290671752
2022-06-01,SPOKANE SECTOR,10.0,4.0,13.1061
2022-06-01,SWANTON SECTOR,93.0,2.0,0.2662
2022-06-01,TAMPA FIELD,697.0,33.0,13.555673334725
2022-06-01,TUCSON FIELD,1019.0,61.0,1224.0661577583235
2022-06-01,TUCSON SECTOR,21270.0,112.0,689.9687
2022-06-01,YUMA SECTOR,22362.0,6.0,0.4101
2022-07-01,ATLANTA FIELD,1261.0,17.0,89.6838497655642
2022-07-01,BALTIMORE FIELD,1114.0,86.0,12879.814876737892
2022-07-01,BIG BEND,1619.0,94.0,1716.2148
2022-07-01,BLAINE SECTOR,37.0,2.0,0.0789
2022-07-01,BOSTON FIELD,2673.0,61.0,47.0454562145852
2022-07-01,BUFFALO FIELD,8225.0,101.0,32.2203170828118
2022-07-01,BUFFALO SECTOR,14.0,2.0,0.3425
2022-07-01,CHICAGO FIELD,2947.0,582.0,3023.2130202058634
2022-07-01,DEL RIO,49618.0,17.0,0.31179999999999997
2022-07-01,DETROIT FIELD,1171.0,144.0,2609.1210462987883
2022-07-01,DETROIT SECTOR,23.0,6.0,20.3249
2022-07-01,EL CENTRO,6707.0,11.0,368.01480000000004
2022-07-01,EL PASO,27013.0,177.0,628.8482037222149
2022-07-01,GRAND FORKS,10.0,0.0,0.0
2022-07-01,HAVRE SECTOR,1.0,0.0,0.0
2022-07-01,HOULTON SECTOR,34.0,14.0,13.8241
2022-07-01,HOUSTON FIELD,4358.0,73.0,106.1690476839714
2022-07-01,LAREDO FIELD,9404.0,109.0,3931.1694517803912
2022-07-01,LAREDO SECTOR,6603.0,25.0,402.4967
2022-07-01,LOS ANGELES,1929.0,227.0,2199.491052204781
2022-07-01,MIAMI FIELD,1787.0,659.0,1019.3239793964594
2022-07-01,MIAMI SECTOR,316.0,2.0,0.0501
2022-07-01,NEW ORLEANS,895.0,165.0,740.8913860658216
2022-07-01,NEW YORK,4799.0,887.0,3661.220114014156
2022-07-01,PORTLAND FIELD,592.0,6.0,13.390657331618
2022-07-01,PRECLEARANCE FIELD,880.0,38.0,3.203867822515
2022-07-01,RAMEY SECTOR,107.0,2.0,2240.721
2022-07-01,RIO GRANDE,35189.0,64.0,1652.1275999999998
2022-07-01,SAN DIEGO,21972.0,281.0,12409.571466032263
2022-07-01,SAN FRANCISCO,1310.0,69.0,249.2161847987072
2022-07-01,SAN JUAN,474.0,94.0,1300.0051555221403
2022-07-01,SEATTLE FIELD,2851.0,224.0,253.5994816304698
2022-07-01,SPOKANE SECTOR,7.0,16.0,1.0497999999999998
2022-07-01,SWANTON SECTOR,142.0,3.0,0.0018
2022-07-01,TAMPA FIELD,667.0,36.0,19.735318723489797
2022-07-01,TUCSON FIELD,1097.0,75.0,1787.3582823276497
2022-07-01,TUCSON SECTOR,16623.0,73.0,352.0722
2022-07-01,YUMA SECTOR,24460.0,15.0,119.1949
2022-08-01,ATLANTA FIELD,1791.0,18.0,20.1550788703378
2022-08-01,BALTIMORE FIELD,1500.0,103.0,461.8101707141534
2022-08-01,BIG BEND,1400.0,68.0,13865.3846
2022-08-01,BLAINE SECTOR,27.0,1.0,0.0778
2022-08-01,BOSTON FIELD,2884.0,73.0,411.1303059255934
2022-08-01,BUFFALO FIELD,9944.0,113.0,179.2405809908592
2022-08-01,BUFFALO SECTOR,16.0,0.0,0.0
2022-08-01,CHICAGO FIELD,3935.0,677.0,6466.296043604881
2022-08-01,DEL RIO,52735.0,29.0,1.3668999999999998
2022-08-01,DETROIT FIELD,1403.0,120.0,56.4692699273586
2022-08-01,DETROIT SECTOR,24.0,9.0,32.4609
2022-08-01,EL CENTRO,6815.0,8.0,107.2664
2022-08-01,EL PASO,31737.0,151.0,993.9235213646825
2022-08-01,GRAND FORKS,17.0,0.0,0.0
2022-08-01,HAVRE SECTOR,11.0,6.0,0.6053000000000001
2022-08-01,HOULTON SECTOR,28.0,4.0,0.0313
2022-08-01,HOUSTON FIELD,5614.0,64.0,286.7275300308404
2022-08-01,LAREDO FIELD,12374.0,93.0,5653.483452222835
2022-08-01,LAREDO SECTOR,6299.0,30.0,2567.5532000000003
2022-08-01,LOS ANGELES,2318.0,270.0,1733.9331332677607
2022-08-01,MIAMI FIELD,1975.0,698.0,647.6614449084398
2022-08-01,MIAMI SECTOR,1049.0,13.0,364.7353
2022-08-01,NEW ORLEANS,893.0,187.0,1022.0656701329178
2022-08-01,NEW YORK,5229.0,733.0,4533.226888881881
2022-08-01,PORTLAND FIELD,931.0,6.0,132.65875691326
2022-08-01,PRECLEARANCE FIELD,1071.0,49.0,3.2929345763630007
2022-08-01,RAMEY SECTOR,51.0,1.0,60.7367
2022-08-01,RIO GRANDE,27286.0,58.0,2383.4257
2022-08-01,SAN DIEGO,21766.0,276.0,7526.033913070324
2022-08-01,SAN FRANCISCO,1630.0,135.0,1004.7017757768572
2022-08-01,SAN JUAN,626.0,144.0,6366.784008245583
2022-08-01,SEATTLE FIELD,3381.0,140.0,17.7074406989352
2022-08-01,SPOKANE SECTOR,12.0,1.0,0.0
2022-08-01,SWANTON SECTOR,179.0,4.0,1.0726
2022-08-01,TAMPA FIELD,701.0,38.0,8.9291845817502
2022-08-01,TUCSON FIELD,1137.0,101.0,2568.8596989029193
2022-08-01,TUCSON SECTOR,18506.0,103.0,510.2113
2022-08-01,YUMA SECTOR,24226.0,24.0,56.36260000000001
2022-09-01,ATLANTA FIELD,1652.0,8.0,2767.5068232459475
2022-09-01,BALTIMORE FIELD,1463.0,124.0,679.9481872707922
2022-09-01,BIG BEND,1267.0,55.0,947.9487
2022-09-01,BLAINE SECTOR,59.0,3.0,449.2102
2022-09-01,BOSTON FIELD,2621.0,59.0,5.145809657342
2022-09-01,BUFFALO FIELD,8306.0,71.0,89.94772104695201
2022-09-01,BUFFALO SECTOR,18.0,4.0,36.9129
2022-09-01,CHICAGO FIELD,4079.0,555.0,4580.160416406048
2022-09-01,DEL RIO,52003.0,17.0,0.33840000000000003
2022-09-01,DETROIT FIELD,1482.0,127.0,112.659853509323
2022-09-01,DETROIT SECTOR,35.0,16.0,120.3748
2022-09-01,EL CENTRO,8150.0,23.0,732.8173
2022-09-01,EL PASO,50648.0,145.0,383.12027414921323
2022-09-01,GRAND FORKS,13.0,0.0,0.0
2022-09-01,HAVRE SECTOR,3.0,4.0,2.4931
2022-09-01,HOULTON SECTOR,36.0,7.0,60.275
2022-09-01,HOUSTON FIELD,5824.0,113.0,89.2786842204606
2022-09-01,LAREDO FIELD,9321.0,114.0,4551.905509937378
2022-09-01,LAREDO SECTOR,6341.0,23.0,613.1354
2022-09-01,LOS ANGELES,2060.0,300.0,7403.493928224304
2022-09-01,MIAMI FIELD,1751.0,614.0,743.3971821819398
2022-09-01,MIAMI SECTOR,461.0,4.0,140.7707
2022-09-01,NEW ORLEANS,1123.0,266.0,1182.4186398105148
2022-09-01,NEW YORK,5688.0,676.0,2356.5338612367436
2022-09-01,PORTLAND FIELD,858.0,4.0,0.030864716679999998
2022-09-01,PRECLEARANCE FIELD,1072.0,27.0,5.8844464199468005
2022-09-01,RAMEY SECTOR,44.0,1.0,23.4612
2022-09-01,RIO GRANDE,27673.0,62.0,1997.3306
2022-09-01,SAN DIEGO,23624.0,252.0,6292.132412852864
2022-09-01,SAN FRANCISCO,1635.0,113.0,585.0604580880752
2022-09-01,SAN JUAN,508.0,59.0,190.852196053042
2022-09-01,SEATTLE FIELD,3093.0,139.0,1718.7078771766837
2022-09-01,SPOKANE SECTOR,4.0,0.0,0.0
2022-09-01,SWANTON SECTOR,236.0,4.0,2.6298
2022-09-01,TAMPA FIELD,547.0,35.0,4.0498256142614
2022-09-01,TUCSON FIELD,1405.0,80.0,1869.6158167052913
2022-09-01,TUCSON SECTOR,21740.0,84.0,435.2583
2022-09-01,YUMA SECTOR,25495.0,14.0,84.08220000000001
2022-10-01,ATLANTA FIELD,1288.0,10.0,4673.070665237305
2022-10-01,BALTIMORE FIELD,1244.0,79.0,335.440165963122
2022-10-01,BIG BEND,3606.0,57.0,561.0329999999999
2022-10-01,BLAINE SECTOR,20.0,0.0,0.0
2022-10-01,BOSTON FIELD,1453.0,43.0,25.418483098230602
2022-10-01,BUFFALO FIELD,1450.0,61.0,2571.961316328319
2022-10-01,BUFFALO SECTOR,8.0,1.0,12.2
2022-10-01,CHICAGO FIELD,330.0,830.0,2867.3669685169434
2022-10-01,DEL RIO,28213.0,20.0,23.150100000000002
2022-10-01,DETROIT FIELD,253.0,79.0,145.2260097425342
2022-10-01,DETROIT SECTOR,5.0,8.0,69.4752
2022-10-01,EL CENTRO,5042.0,28.0,94.3535
2022-10-01,EL PASO,14404.0,186.0,705.9582502194213
2022-10-01,GRAND FORKS,1.0,0.0,0.0
2022-10-01,HAVRE SECTOR,3.0,3.0,3.8293
2022-10-01,HOULTON SECTOR,16.0,5.0,0.008
2022-10-01,HOUSTON FIELD,4498.0,58.0,110.13009314532539
2022-10-01,LAREDO FIELD,1974.0,121.0,9516.628523491436
2022-10-01,LAREDO SECTOR,7444.0,34.0,960.9378
2022-10-01,LOS ANGELES,1813.0,221.0,6079.638988829194
2022-10-01,MIAMI FIELD,952.0,747.0,970.5604387278821
2022-10-01,MIAMI SECTOR,191.0,23.0,256.2762
2022-10-01,NEW ORLEANS,1896.0,111.0,461.66512222314
2022-10-01,NEW YORK,1536.0,1756.0,21538.254031493772
2022-10-01,PORTLAND FIELD,140.0,4.0,406.11227619530655
2022-10-01,PRECLEARANCE FIELD,830.0,39.0,3.5183572392579996
2022-10-01,RAMEY SECTOR,212.0,4.0,612.2068
2022-10-01,RIO GRANDE,45382.0,40.0,5073.2624
2022-10-01,SAN DIEGO,18178.0,341.0,9898.786559097456
2022-10-01,SAN FRANCISCO,784.0,211.0,666.2288647989847
2022-10-01,SAN JUAN,542.0,93.0,1090.7918481633333
2022-10-01,SEATTLE FIELD,1614.0,87.0,10394.111558901013
2022-10-01,SPOKANE SECTOR,3.0,1.0,0.0403
2022-10-01,SWANTON SECTOR,43.0,2.0,257.3806
2022-10-01,TAMPA FIELD,308.0,39.0,4.3410342161372
2022-10-01,TUCSON FIELD,374.0,71.0,1911.057585190587
2022-10-01,TUCSON SECTOR,19189.0,67.0,359.9579
2022-10-01,YUMA SECTOR,21897.0,3.0,7.8924
2022-11-01,ATLANTA FIELD,1224.0,17.0,647.6754222158505
2022-11-01,BALTIMORE FIELD,1162.0,92.0,1100.3618504020387
2022-11-01,BIG BEND,3308.0,51.0,1597.2816999999998
2022-11-01,BLAINE SECTOR,16.0,1.0,0.0239
2022-11-01,BOSTON FIELD,1060.0,29.0,12.945874718033
2022-11-01,BUFFALO FIELD,2853.0,53.0,3495.7542356153194
2022-11-01,BUFFALO SECTOR,5.0,2.0,0.033
2022-11-01,CHICAGO FIELD,443.0,989.0,3168.9296907587045
2022-11-01,DEL RIO,30226.0,19.0,29.022100000000002
2022-11-01,DETROIT FIELD,506.0,74.0,875.09344495176
2022-11-01,DETROIT SECTOR,6.0,2.0,16.096600000000002
2022-11-01,EL CENTRO,3889.0,11.0,5.685300000000001
2022-11-01,EL PASO,16326.0,139.0,762.8977394695281
2022-11-01,GRAND FORKS,4.0,1.0,0.0485
2022-11-01,HAVRE SECTOR,14.0,2.0,2.6222000000000003
2022-11-01,HOULTON SECTOR,6.0,5.0,0.1334
2022-11-01,HOUSTON FIELD,4783.0,90.0,95.0047285051604
2022-11-01,LAREDO FIELD,2499.0,104.0,4958.020167125113
2022-11-01,LAREDO SECTOR,8030.0,23.0,519.0829
2022-11-01,LOS ANGELES,1774.0,190.0,463.61992337668516
2022-11-01,MIAMI FIELD,975.0,597.0,854.8266358070408
2022-11-01,MIAMI SECTOR,145.0,12.0,136.45080000000002
2022-11-01,NEW ORLEANS,1852.0,98.0,413.2248276391858
2022-11-01,NEW YORK,1678.0,1960.0,3541.8184143017425
2022-11-01,PORTLAND FIELD,135.0,2.0,0.2689639596399999
2022-11-01,PRECLEARANCE FIELD,691.0,48.0,10.1169691107276
2022-11-01,RAMEY SECTOR,175.0,1.0,1010.5515
2022-11-01,RIO GRANDE,47999.0,52.0,2982.4536
2022-11-01,SAN DIEGO,17873.0,338.0,26299.76846907254
2022-11-01,SAN FRANCISCO,689.0,194.0,237.8192779334862
2022-11-01,SAN JUAN,664.0,107.0,3556.958836514402
2022-11-01,SEATTLE FIELD,1996.0,120.0,21.1455717210514
2022-11-01,SPOKANE SECTOR,7.0,0.0,0.0
2022-11-01,SWANTON SECTOR,38.0,0.0,0.0
2022-11-01,TAMPA FIELD,315.0,36.0,14.5367083543988
2022-11-01,TUCSON FIELD,610.0,63.0,857.8180441476665
2022-11-01,TUCSON SECTOR,21515.0,86.0,369.8974
2022-11-01,YUMA SECTOR,23062.0,12.0,37.2025
2022-12-01,ATLANTA FIELD,1186.0,19.0,124.6156101624878
2022-12-01,BALTIMORE FIELD,1053.0,77.0,297.3038763568974
2022-12-01,BIG BEND,3410.0,56.0,1951.507
2022-12-01,BLAINE SECTOR,21.0,0.0,0.0
2022-12-01,BOSTON FIELD,1883.0,37.0,10.0762056384838
2022-12-01,BUFFALO FIELD,3710.0,49.0,7.5105540182326
2022-12-01,BUFFALO SECTOR,3.0,1.0,0.2513
2022-12-01,CHICAGO FIELD,401.0,890.0,4320.850851958648
2022-12-01,DEL RIO,33260.0,19.0,73.6297
2022-12-01,DETROIT FIELD,713.0,75.0,49.2119388632592
2022-12-01,DETROIT SECTOR,2.0,2.0,0.3248
2022-12-01,EL CENTRO,4140.0,15.0,208.6815
2022-12-01,EL PASO,20182.0,119.0,2059.540560796361
2022-12-01,GRAND FORKS,5.0,1.0,0.0243
2022-12-01,HAVRE SECTOR,9.0,0.0,0.0
2022-12-01,HOULTON SECTOR,11.0,6.0,1.2628
2022-12-01,HOUSTON FIELD,4803.0,63.0,41.547039215400396
2022-12-01,LAREDO FIELD,2813.0,94.0,1446.6691083223434
2022-12-01,LAREDO SECTOR,7305.0,23.0,1468.1438
2022-12-01,LOS ANGELES,1544.0,209.0,524.0764737745758
2022-12-01,MIAMI FIELD,1985.0,493.0,962.5116040507503
2022-12-01,MIAMI SECTOR,339.0,9.0,92.7683
2022-12-01,NEW ORLEANS,1887.0,85.0,458.803792985938
2022-12-01,NEW YORK,1560.0,1777.0,10735.907056629489
2022-12-01,PORTLAND FIELD,90.0,2.0,2.65436563448
2022-12-01,PRECLEARANCE FIELD,602.0,46.0,5.2373455885244
2022-12-01,RAMEY SECTOR,79.0,2.0,2205.1102
2022-12-01,RIO GRANDE,43848.0,52.0,3355.0523000000003
2022-12-01,SAN DIEGO,18829.0,257.0,6215.11143260314
2022-12-01,SAN FRANCISCO,773.0,168.0,709.7987775455922
2022-12-01,SAN JUAN,516.0,87.0,3243.469987747489
2022-12-01,SEATTLE FIELD,1999.0,129.0,25.1309562161302
2022-12-01,SPOKANE SECTOR,9.0,0.0,0.0
2022-12-01,SWANTON SECTOR,55.0,0.0,0.0
2022-12-01,TAMPA FIELD,549.0,28.0,83.91197137659461
2022-12-01,TUCSON FIELD,572.0,48.0,4088.854136688165
2022-12-01,TUCSON SECTOR,15758.0,65.0,179.9562
2022-12-01,YUMA SECTOR,29787.0,6.0,0.3823
2023-01-01,ATLANTA FIELD,1223.0,12.0,595.7510259120744
2023-01-01,BALTIMORE FIELD,1685.0,71.0,303.8242902640356
2023-01-01,BIG BEND,1079.0,79.0,2634.5036
2023-01-01,BLAINE SECTOR,106.0,0.0,0.0
2023-01-01,BOSTON FIELD,3115.0,30.0,21.966793647001396
2023-01-01,BUFFALO FIELD,6498.0,67.0,22.2767415411472
2023-01-01,BUFFALO SECTOR,8.0,0.0,0.0
2023-01-01,CHICAGO FIELD,2068.0,728.0,3386.2818916286706
2023-01-01,DEL RIO,28425.0,22.0,0.6711
2023-01-01,DETROIT FIELD,1132.0,106.0,52.396957162373205
2023-01-01,DETROIT SECTOR,48.0,6.0,1.7002000000000002
2023-01-01,EL CENTRO,4563.0,8.0,8.0101
2023-01-01,EL PASO,33138.0,113.0,546.5364540375725
2023-01-01,GRAND FORKS,6.0,1.0,0.0705
2023-01-01,HAVRE SECTOR,7.0,1.0,0.097
2023-01-01,HOULTON SECTOR,30.0,6.0,0.2079
2023-01-01,HOUSTON FIELD,6108.0,34.0,22.173322694043
2023-01-01,LAREDO FIELD,14873.0,103.0,4321.566428368647
2023-01-01,LAREDO SECTOR,3257.0,17.0,868.5089999999999
2023-01-01,LOS ANGELES,2077.0,295.0,13067.521098358418
2023-01-01,MIAMI FIELD,10741.0,663.0,907.871090632908
2023-01-01,MIAMI SECTOR,1357.0,15.0,249.5207
2023-01-01,NEW ORLEANS,1025.0,240.0,883.0928016067334
2023-01-01,NEW YORK,4186.0,476.0,3420.0099060288476
2023-01-01,PORTLAND FIELD,461.0,10.0,46.887472957636
2023-01-01,PRECLEARANCE FIELD,1062.0,47.0,8.063561556233399
2023-01-01,RAMEY SECTOR,214.0,0.0,0.0
2023-01-01,RIO GRANDE,14913.0,46.0,901.6229
2023-01-01,SAN DIEGO,23804.0,210.0,11450.203969316743
2023-01-01,SAN FRANCISCO,1591.0,71.0,456.93354547871337
2023-01-01,SAN JUAN,620.0,89.0,265.04929943857076
2023-01-01,SEATTLE FIELD,3944.0,79.0,792.6464673523817
2023-01-01,SPOKANE SECTOR,7.0,0.0,0.0
2023-01-01,SWANTON SECTOR,367.0,6.0,45.8024
2023-01-01,TAMPA FIELD,1977.0,43.0,446.5932480965798
2023-01-01,TUCSON FIELD,1638.0,58.0,1126.4590486200627
2023-01-01,TUCSON SECTOR,20261.0,78.0,1624.0606
2023-01-01,YUMA SECTOR,11537.0,19.0,2.1558
2023-02-01,ATLANTA FIELD,1009.0,4.0,1.2031948410912
2023-02-01,BALTIMORE FIELD,1854.0,75.0,1089.6510661886143
2023-02-01,BIG BEND,981.0,96.0,1300.2988999999998
2023-02-01,BLAINE SECTOR,82.0,1.0,0.0013
2023-02-01,BOSTON FIELD,2775.0,24.0,116.0380408424014
2023-02-01,BUFFALO FIELD,6032.0,70.0,14.685321965213
2023-02-01,BUFFALO SECTOR,40.0,3.0,0.4612
2023-02-01,CHICAGO FIELD,1781.0,830.0,4611.214113337035
2023-02-01,DEL RIO,22939.0,23.0,158.76870000000002
2023-02-01,DETROIT FIELD,984.0,131.0,16.9718683617722
2023-02-01,DETROIT SECTOR,39.0,7.0,37.5469
2023-02-01,EL CENTRO,3495.0,5.0,742.3595999999999
2023-02-01,EL PASO,35825.0,163.0,1017.2960066207577
2023-02-01,GRAND FORKS,16.0,0.0,0.0
2023-02-01,HOULTON SECTOR,26.0,3.0,0.0178
2023-02-01,HOUSTON FIELD,5850.0,43.0,170.44241713141562
2023-02-01,LAREDO FIELD,13505.0,88.0,807.8011975658452
2023-02-01,LAREDO SECTOR,4114.0,22.0,954.0272
2023-02-01,LOS ANGELES,1761.0,274.0,4305.613382258255
2023-02-01,MIAMI FIELD,18465.0,745.0,1195.346825488524
2023-02-01,MIAMI SECTOR,327.0,5.0,8.1089
2023-02-01,NEW ORLEANS,1015.0,234.0,798.7695043636236
2023-02-01,NEW YORK,4388.0,691.0,7562.244790677335
2023-02-01,PORTLAND FIELD,488.0,6.0,228.93709590599437
2023-02-01,PRECLEARANCE FIELD,966.0,52.0,3.4531665483846
2023-02-01,RAMEY SECTOR,29.0,0.0,0.0
2023-02-01,RIO GRANDE,14981.0,39.0,2465.8006
2023-02-01,SAN DIEGO,24986.0,231.0,11789.145825455853
2023-02-01,SAN FRANCISCO,1516.0,88.0,574.1723781235502
2023-02-01,SAN JUAN,608.0,85.0,219.45781388810178
2023-02-01,SEATTLE FIELD,4143.0,95.0,26639.732563990932
2023-02-01,SPOKANE SECTOR,10.0,7.0,578.3854000000001
2023-02-01,SWANTON SECTOR,418.0,1.0,0.1052
2023-02-01,TAMPA FIELD,2526.0,33.0,146.67089736145599
2023-02-01,TUCSON FIELD,1867.0,67.0,1544.6700071529885
2023-02-01,TUCSON SECTOR,23560.0,84.0,604.6328
2023-02-01,YUMA SECTOR,10510.0,31.0,105.9195
2023-03-01,ATLANTA FIELD,1102.0,10.0,6.1275942487066
2023-03-01,BALTIMORE FIELD,1599.0,118.0,247.80399173324003
2023-03-01,BIG BEND,1200.0,65.0,567.6117
2023-03-01,BLAINE SECTOR,110.0,2.0,0.1058
2023-03-01,BOSTON FIELD,4173.0,49.0,24.6525531075902
2023-03-01,BUFFALO FIELD,6655.0,68.0,112.945682832006
2023-03-01,BUFFALO SECTOR,14.0,5.0,304.4664
2023-03-01,CHICAGO FIELD,1650.0,831.0,4253.975917588473
2023-03-01,DEL RIO,23904.0,17.0,0.8136
2023-03-01,DETROIT FIELD,1073.0,229.0,3076.8657083663625
2023-03-01,DETROIT SECTOR,52.0,8.0,6.2536000000000005
2023-03-01,EL CENTRO,4448.0,14.0,10.979000000000001
2023-03-01,EL PASO,43116.0,153.0,1100.994852124723
2023-03-01,GRAND FORKS,14.0,0.0,0.0
2023-03-01,HAVRE SECTOR,5.0,0.0,0.0
2023-03-01,HOULTON SECTOR,32.0,15.0,164.7821
2023-03-01,HOUSTON FIELD,6769.0,88.0,1061.9363363542964
2023-03-01,LAREDO FIELD,16043.0,112.0,7268.187926607626
2023-03-01,LAREDO SECTOR,5210.0,26.0,338.73900000000003
2023-03-01,LOS ANGELES,1969.0,309.0,4295.007317619282
2023-03-01,MIAMI FIELD,23059.0,911.0,1011.5427859053958
2023-03-01,MIAMI SECTOR,205.0,9.0,38.797599999999996
2023-03-01,NEW ORLEANS,1116.0,275.0,2416.6741805660217
2023-03-01,NEW YORK,5252.0,840.0,8274.751021170096
2023-03-01,PORTLAND FIELD,510.0,16.0,204.669227399368
2023-03-01,PRECLEARANCE FIELD,1068.0,47.0,4.1451314501239995
2023-03-01,RAMEY SECTOR,154.0,3.0,1450.1403
2023-03-01,RIO GRANDE,17956.0,70.0,1978.7901
2023-03-01,SAN DIEGO,31938.0,334.0,12021.618898990244
2023-03-01,SAN FRANCISCO,1855.0,67.0,1331.9212126371658
2023-03-01,SAN JUAN,534.0,106.0,316.8326219408932
2023-03-01,SEATTLE FIELD,4425.0,125.0,619.8960969387668
2023-03-01,SPOKANE SECTOR,9.0,4.0,3.2477000000000005
2023-03-01,SWANTON SECTOR,756.0,1.0,0.0613
2023-03-01,TAMPA FIELD,1964.0,37.0,228.71791232511399
2023-03-01,TUCSON FIELD,1967.0,74.0,2895.9502976173153
2023-03-01,TUCSON SECTOR,33898.0,100.0,331.8329
2023-03-01,YUMA SECTOR,13667.0,33.0,259.9948
2023-04-01,ATLANTA FIELD,1206.0,12.0,155.0431060844894
2023-04-01,BALTIMORE FIELD,1614.0,135.0,634.2475288081808
2023-04-01,BIG BEND,1181.0,64.0,645.1141000000001
2023-04-01,BLAINE SECTOR,174.0,1.0,0.0077
2023-04-01,BOSTON FIELD,3115.0,52.0,102.10484793022759
2023-04-01,BUFFALO FIELD,6276.0,70.0,29.4935736877172
2023-04-01,BUFFALO SECTOR,27.0,3.0,244.4443
2023-04-01,CHICAGO FIELD,1507.0,788.0,4943.945790180356
2023-04-01,DEL RIO,20809.0,11.0,0.1971
2023-04-01,DETROIT FIELD,968.0,186.0,3217.5156931676934
2023-04-01,DETROIT SECTOR,23.0,11.0,92.79690000000001
2023-04-01,EL CENTRO,3349.0,14.0,669.6551999999999
2023-04-01,EL PASO,45710.0,151.0,265.1219853849068
2023-04-01,GRAND FORKS,19.0,0.0,0.0
2023-04-01,HAVRE SECTOR,13.0,2.0,1.8457000000000001
2023-04-01,HOULTON SECTOR,25.0,6.0,0.5423
2023-04-01,HOUSTON FIELD,6589.0,41.0,176.519062551374
2023-04-01,LAREDO FIELD,14298.0,69.0,1603.0557114314604
2023-04-01,LAREDO SECTOR,5394.0,22.0,754.6706
2023-04-01,LOS ANGELES,1843.0,308.0,3699.8800455850833
2023-04-01,MIAMI FIELD,23408.0,753.0,789.747300422177
2023-04-01,MIAMI SECTOR,105.0,13.0,67.34230000000001
2023-04-01,NEW ORLEANS,1037.0,280.0,2026.119397090626
2023-04-01,NEW YORK,4871.0,770.0,3574.654702944582
2023-04-01,PORTLAND FIELD,442.0,16.0,293.19106467438263
2023-04-01,PRECLEARANCE FIELD,1063.0,44.0,4.5912809297334
2023-04-01,RAMEY SECTOR,89.0,2.0,458.6493
2023-04-01,RIO GRANDE,37881.0,49.0,824.2307
2023-04-01,SAN DIEGO,33922.0,276.0,6894.208930144073
2023-04-01,SAN FRANCISCO,1714.0,74.0,1342.0719786126583
2023-04-01,SAN JUAN,693.0,104.0,286.80927743759
2023-04-01,SEATTLE FIELD,3960.0,100.0,32.0872681076948
2023-04-01,SPOKANE SECTOR,20.0,3.0,179.9838
2023-04-01,SWANTON SECTOR,676.0,5.0,0.07519999999999989
2023-04-01,TAMPA FIELD,2440.0,31.0,16.3887456787822
2023-04-01,TUCSON FIELD,1943.0,71.0,1312.5632591675417
2023-04-01,TUCSON SECTOR,33960.0,91.0,129.71730000000002
2023-04-01,YUMA SECTOR,13672.0,33.0,1.9111
2023-05-01,ATLANTA FIELD,1260.0,5.0,202.60592108931002
2023-05-01,BALTIMORE FIELD,1764.0,139.0,315.41875336223484
2023-05-01,BIG BEND,1421.0,102.0,524.4894
2023-05-01,BLAINE SECTOR,115.0,0.0,0.0
2023-05-01,BOSTON FIELD,3553.0,39.0,791.2172766465144
2023-05-01,BUFFALO FIELD,7903.0,82.0,44.367765672785595
2023-05-01,BUFFALO SECTOR,33.0,2.0,0.0882
2023-05-01,CHICAGO FIELD,1830.0,820.0,4439.711801834828
2023-05-01,DEL RIO,29971.0,10.0,0.4727
2023-05-01,DETROIT FIELD,1459.0,248.0,592.8017699559432
2023-05-01,DETROIT SECTOR,72.0,3.0,5.4239
2023-05-01,EL CENTRO,4041.0,20.0,3002.8709000000003
2023-05-01,EL PASO,30743.0,113.0,529.5898155087202
2023-05-01,GRAND FORKS,48.0,0.0,0.0
2023-05-01,HAVRE SECTOR,9.0,2.0,0.07139999999999999
2023-05-01,HOULTON SECTOR,49.0,11.0,141.0291
2023-05-01,HOUSTON FIELD,6549.0,47.0,17.409353674485
2023-05-01,LAREDO FIELD,18584.0,59.0,1450.1996130322375
2023-05-01,LAREDO SECTOR,3464.0,17.0,671.0456
2023-05-01,LOS ANGELES,2141.0,325.0,2263.2446598233364
2023-05-01,MIAMI FIELD,25013.0,816.0,1045.5403374670943
2023-05-01,MIAMI SECTOR,154.0,10.0,55.109
2023-05-01,NEW ORLEANS,839.0,415.0,1579.9644059246762
2023-05-01,NEW YORK,4001.0,744.0,8269.05286536154
2023-05-01,PORTLAND FIELD,647.0,28.0,118.835332161336
2023-05-01,PRECLEARANCE FIELD,1115.0,64.0,4.8564088460146
2023-05-01,RAMEY SECTOR,55.0,0.0,0.0
2023-05-01,RIO GRANDE,38032.0,33.0,819.6214000000001
2023-05-01,SAN DIEGO,32340.0,283.0,8988.653956922799
2023-05-01,SAN FRANCISCO,2320.0,75.0,616.852527226952
2023-05-01,SAN JUAN,780.0,72.0,1466.1444359002564
2023-05-01,SEATTLE FIELD,4517.0,106.0,900.095276421037
2023-05-01,SPOKANE SECTOR,18.0,0.0,0.0
2023-05-01,SWANTON SECTOR,459.0,1.0,68.7078
2023-05-01,TAMPA FIELD,1678.0,32.0,15.863758894281599
2023-05-01,TUCSON FIELD,2766.0,69.0,1687.9647674804028
2023-05-01,TUCSON SECTOR,30139.0,70.0,275.71160000000003
2023-05-01,YUMA SECTOR,15284.0,6.0,192.2088
2023-06-01,ATLANTA FIELD,1280.0,5.0,18.14735109653
2023-06-01,BALTIMORE FIELD,1609.0,88.0,219.2829652681096
2023-06-01,BIG BEND,412.0,146.0,430.49010000000004
2023-06-01,BLAINE SECTOR,118.0,1.0,0.0262
2023-06-01,BOSTON FIELD,4007.0,40.0,141.214125683563
2023-06-01,BUFFALO FIELD,7089.0,70.0,43.682282361549
2023-06-01,BUFFALO SECTOR,17.0,3.0,468.74719999999996
2023-06-01,CHICAGO FIELD,1687.0,698.0,3421.2010195379817
2023-06-01,DEL RIO,24632.0,13.0,6.9352
2023-06-01,DETROIT FIELD,1220.0,186.0,235.175251979094
2023-06-01,DETROIT SECTOR,20.0,2.0,1.4404
2023-06-01,EL CENTRO,1680.0,8.0,45.0207
2023-06-01,EL PASO,20149.0,119.0,1024.9550887675377
2023-06-01,GRAND FORKS,11.0,0.0,0.0
2023-06-01,HAVRE SECTOR,8.0,0.0,0.0
2023-06-01,HOULTON SECTOR,16.0,2.0,0.0256
2023-06-01,HOUSTON FIELD,6255.0,44.0,1133.7608689686335
2023-06-01,LAREDO FIELD,22210.0,57.0,1422.5067530543101
2023-06-01,LAREDO SECTOR,1919.0,10.0,685.6603
2023-06-01,LOS ANGELES,1889.0,364.0,10970.250129708213
2023-06-01,MIAMI FIELD,24945.0,612.0,761.824652628567
2023-06-01,MIAMI SECTOR,55.0,6.0,220.5587
2023-06-01,NEW ORLEANS,883.0,550.0,3553.813365605017
2023-06-01,NEW YORK,4025.0,939.0,1897.2536713488498
2023-06-01,PORTLAND FIELD,551.0,17.0,45.021259909806005
2023-06-01,PRECLEARANCE FIELD,997.0,60.0,4.7602432073302
2023-06-01,RAMEY SECTOR,128.0,1.0,2037.42
2023-06-01,RIO GRANDE,11435.0,51.0,1017.4901
2023-06-01,SAN DIEGO,25902.0,270.0,9525.941995941956
2023-06-01,SAN FRANCISCO,2060.0,52.0,1515.2104948847505
2023-06-01,SAN JUAN,753.0,60.0,142.9350761469612
2023-06-01,SEATTLE FIELD,4760.0,107.0,256.4546663394056
2023-06-01,SPOKANE SECTOR,21.0,3.0,5.693099999999999
2023-06-01,SWANTON SECTOR,633.0,4.0,0.1182
2023-06-01,TAMPA FIELD,1794.0,32.0,15.7557323859016
2023-06-01,TUCSON FIELD,2959.0,62.0,1828.021400149787
2023-06-01,TUCSON SECTOR,24359.0,62.0,489.7285
2023-06-01,YUMA SECTOR,8969.0,9.0,0.5002999999999999
2023-07-01,ATLANTA FIELD,899.0,5.0,31.9769046993376
2023-07-01,BALTIMORE FIELD,1304.0,162.0,204.3964273963692
2023-07-01,BIG BEND,404.0,123.0,1879.7607000000003
2023-07-01,BLAINE SECTOR,158.0,1.0,0.0031
2023-07-01,BOSTON FIELD,4482.0,55.0,5.5925323388326005
2023-07-01,BUFFALO FIELD,7333.0,68.0,2245.640858433767
2023-07-01,BUFFALO SECTOR,51.0,0.0,0.0
2023-07-01,CHICAGO FIELD,1478.0,724.0,4103.465559703156
2023-07-01,DEL RIO,24505.0,12.0,0.15209999999999999
2023-07-01,DETROIT FIELD,1341.0,278.0,177.830482316881
2023-07-01,DETROIT SECTOR,55.0,7.0,19.6475
2023-07-01,EL CENTRO,1458.0,12.0,13.555900000000001
2023-07-01,EL PASO,24354.0,144.0,993.5698866340234
2023-07-01,GRAND FORKS,26.0,0.0,0.0
2023-07-01,HAVRE SECTOR,5.0,1.0,0.002
2023-07-01,HOULTON SECTOR,41.0,9.0,1.1365
2023-07-01,HOUSTON FIELD,6348.0,33.0,25.8406462837344
2023-07-01,LAREDO FIELD,24231.0,62.0,2316.280163881366
2023-07-01,LAREDO SECTOR,2436.0,14.0,3.3755
2023-07-01,LOS ANGELES,1608.0,291.0,5560.105228148032
2023-07-01,MIAMI FIELD,18851.0,646.0,9138.985398991013
2023-07-01,MIAMI SECTOR,76.0,15.0,513.9545
2023-07-01,NEW ORLEANS,809.0,349.0,2202.90713251995
2023-07-01,NEW YORK,3696.0,673.0,5342.760985965724
2023-07-01,PORTLAND FIELD,537.0,12.0,33.6278143020984
2023-07-01,PRECLEARANCE FIELD,1089.0,43.0,4.770252194025
2023-07-01,RAMEY SECTOR,162.0,0.0,0.0
2023-07-01,RIO GRANDE,26527.0,55.0,1121.0334999999998
2023-07-01,SAN DIEGO,30508.0,233.0,5812.2242779637045
2023-07-01,SAN FRANCISCO,2661.0,78.0,1330.7448921458126
2023-07-01,SAN JUAN,642.0,77.0,4560.462113296348
2023-07-01,SEATTLE FIELD,5409.0,203.0,447.27685747858936
2023-07-01,SPOKANE SECTOR,17.0,2.0,6.4510000000000005
2023-07-01,SWANTON SECTOR,801.0,4.0,0.6085
2023-07-01,TAMPA FIELD,1628.0,31.0,12.293394607417799
2023-07-01,TUCSON FIELD,3410.0,40.0,1355.4016119901548
2023-07-01,TUCSON SECTOR,39215.0,59.0,128.6443
2023-07-01,YUMA SECTOR,6599.0,14.0,291.76279999999997
2023-08-01,ATLANTA FIELD,1012.0,6.0,7.0765961017118
2023-08-01,BALTIMORE FIELD,1711.0,191.0,253.85118339499522
2023-08-01,BIG BEND,568.0,163.0,325.9696
2023-08-01,BLAINE SECTOR,188.0,3.0,0.055
2023-08-01,BOSTON FIELD,5169.0,73.0,1462.3687110163396
2023-08-01,BUFFALO FIELD,7755.0,81.0,35.6319044485832
2023-08-01,BUFFALO SECTOR,41.0,2.0,114.92859999999999
2023-08-01,CHICAGO FIELD,1749.0,811.0,4154.916094420989
2023-08-01,DEL RIO,29689.0,12.0,5.4533
2023-08-01,DETROIT FIELD,1458.0,242.0,155.5126907025494
2023-08-01,DETROIT SECTOR,34.0,8.0,10.723500000000001
2023-08-01,EL CENTRO,1458.0,3.0,166.5125
2023-08-01,EL PASO,33274.0,139.0,1568.9676055765672
2023-08-01,GRAND FORKS,33.0,0.0,0.0
2023-08-01,HAVRE SECTOR,12.0,2.0,0.0051
2023-08-01,HOULTON SECTOR,15.0,4.0,0.011099999999999999
2023-08-01,HOUSTON FIELD,6819.0,59.0,28.4098914388562
2023-08-01,LAREDO FIELD,24032.0,67.0,5018.693961035976
2023-08-01,LAREDO SECTOR,3097.0,13.0,0.3983
2023-08-01,LOS ANGELES,1820.0,373.0,3332.4282521163586
2023-08-01,MIAMI FIELD,24792.0,591.0,1189.2393373981117
2023-08-01,MIAMI SECTOR,61.0,12.0,39.9828
2023-08-01,NEW ORLEANS,926.0,397.0,2149.133172549874
2023-08-01,NEW YORK,3705.0,1059.0,5621.2887969473195
2023-08-01,PORTLAND FIELD,711.0,7.0,78.48676989462
2023-08-01,PRECLEARANCE FIELD,1193.0,45.0,2.1278356141454
2023-08-01,RAMEY SECTOR,157.0,0.0,0.0
2023-08-01,RIO GRANDE,46537.0,49.0,1955.3517
2023-08-01,SAN DIEGO,34774.0,222.0,9203.362366260217
2023-08-01,SAN FRANCISCO,2577.0,108.0,1471.4516900720612
2023-08-01,SAN JUAN,859.0,62.0,2135.822080048612
2023-08-01,SEATTLE FIELD,5745.0,160.0,6845.135881355894
2023-08-01,SPOKANE SECTOR,21.0,0.0,0.0
2023-08-01,SWANTON SECTOR,712.0,7.0,67.722
2023-08-01,TAMPA FIELD,1747.0,34.0,44.2886417669538
2023-08-01,TUCSON FIELD,4136.0,56.0,1248.8547360815676
2023-08-01,TUCSON SECTOR,48752.0,40.0,60.2763
2023-08-01,YUMA SECTOR,6734.0,21.0,116.30069999999999
2023-09-01,ATLANTA FIELD,1150.0,6.0,5.1411138111614
2023-09-01,BALTIMORE FIELD,1748.0,134.0,330.56338640409865
2023-09-01,BIG BEND,560.0,116.0,329.1235
2023-09-01,BLAINE SECTOR,218.0,7.0,0.1873999999999999
2023-09-01,BOSTON FIELD,5576.0,42.0,46.176041238162
2023-09-01,BUFFALO FIELD,6335.0,71.0,417.6449878139196
2023-09-01,BUFFALO SECTOR,10.0,2.0,0.1023
2023-09-01,CHICAGO FIELD,2078.0,762.0,4015.0571061694877
2023-09-01,DEL RIO,45688.0,14.0,0.1159
2023-09-01,DETROIT FIELD,1273.0,232.0,61.5786812652444
2023-09-01,DETROIT SECTOR,48.0,6.0,13.406500000000001
2023-09-01,EL CENTRO,1979.0,11.0,2808.8956
2023-09-01,EL PASO,45663.0,104.0,1048.347911806377
2023-09-01,GRAND FORKS,63.0,0.0,0.0
2023-09-01,HAVRE SECTOR,7.0,0.0,0.0
2023-09-01,HOULTON SECTOR,15.0,4.0,36.7263
2023-09-01,HOUSTON FIELD,6212.0,42.0,55.1776035805268
2023-09-01,LAREDO FIELD,23605.0,87.0,8337.38091059301
2023-09-01,LAREDO SECTOR,3079.0,24.0,255.8284
2023-09-01,LOS ANGELES,1948.0,276.0,2593.103360653178
2023-09-01,MIAMI FIELD,25270.0,566.0,1063.7556350327727
2023-09-01,MIAMI SECTOR,85.0,7.0,72.73179999999999
2023-09-01,NEW ORLEANS,1185.0,250.0,1594.6639571289907
2023-09-01,NEW YORK,4382.0,574.0,1301.6268759214122
2023-09-01,PORTLAND FIELD,586.0,9.0,15.4449467351602
2023-09-01,PRECLEARANCE FIELD,1205.0,53.0,27.3950375081916
2023-09-01,RAMEY SECTOR,121.0,0.0,0.0
2023-09-01,RIO GRANDE,45764.0,38.0,1643.874
2023-09-01,SAN DIEGO,42039.0,220.0,11535.552413850834
2023-09-01,SAN FRANCISCO,2722.0,89.0,214.00090993285158
2023-09-01,SAN JUAN,902.0,89.0,163.86794587763498
2023-09-01,SEATTLE FIELD,5788.0,98.0,60.890684684221
2023-09-01,SPOKANE SECTOR,18.0,0.0,0.0
2023-09-01,SWANTON SECTOR,956.0,2.0,27.0157
2023-09-01,TAMPA FIELD,1613.0,32.0,11.2164364575478
2023-09-01,TUCSON FIELD,4565.0,51.0,936.3019480328804
2023-09-01,TUCSON SECTOR,51001.0,36.0,148.5438
2023-09-01,YUMA SECTOR,5935.0,17.0,91.56539999999998
2023-10-01,ATLANTA FIELD,1449.0,5.0,379.8932505313016
2023-10-01,BALTIMORE FIELD,1162.0,87.0,125.9427268410492
2023-10-01,BIG BEND,1304.0,73.0,609.0468999999999
2023-10-01,BLAINE SECTOR,80.0,2.0,0.1302
2023-10-01,BOSTON FIELD,3339.0,47.0,27.846169434922203
2023-10-01,BUFFALO FIELD,8744.0,78.0,21.108776569523602
2023-10-01,BUFFALO SECTOR,10.0,0.0,0.0
2023-10-01,CHICAGO FIELD,3725.0,578.0,3569.661519311223
2023-10-01,DEL RIO,42767.0,24.0,23.2297
2023-10-01,DETROIT FIELD,1426.0,115.0,21.1722697009796
2023-10-01,DETROIT SECTOR,35.0,11.0,6.0726
2023-10-01,EL CENTRO,7316.0,8.0,360.93480000000005
2023-10-01,EL PASO,55352.0,118.0,1913.1990498366185
2023-10-01,GRAND FORKS,7.0,0.0,0.0
2023-10-01,HAVRE SECTOR,7.0,0.0,0.0
2023-10-01,HOULTON SECTOR,7.0,4.0,0.711
2023-10-01,HOUSTON FIELD,5414.0,164.0,276.19598163642183
2023-10-01,LAREDO FIELD,14033.0,100.0,1445.6373890286359
2023-10-01,LAREDO SECTOR,6012.0,23.0,406.58750000000003
2023-10-01,LOS ANGELES,2318.0,315.0,3031.6856935816895
2023-10-01,MIAMI FIELD,1981.0,711.0,912.3133831659818
2023-10-01,MIAMI SECTOR,925.0,10.0,183.5745
2023-10-01,NEW ORLEANS,1015.0,278.0,1150.6745352932378
2023-10-01,NEW YORK,4714.0,630.0,3896.873262038587
2023-10-01,PORTLAND FIELD,760.0,6.0,9.71907882027
2023-10-01,PRECLEARANCE FIELD,1042.0,26.0,2.3682497108564
2023-10-01,RAMEY SECTOR,281.0,0.0,0.0
2023-10-01,RIO GRANDE,28290.0,77.0,3048.9065
2023-10-01,SAN DIEGO,27107.0,275.0,11471.547690069874
2023-10-01,SAN FRANCISCO,1778.0,97.0,311.28292541956716
2023-10-01,SAN JUAN,645.0,79.0,1046.7045325340378
2023-10-01,SEATTLE FIELD,4474.0,107.0,157.2730818646194
2023-10-01,SPOKANE SECTOR,25.0,3.0,0.4283
2023-10-01,SWANTON SECTOR,334.0,5.0,289.1051
2023-10-01,TAMPA FIELD,965.0,27.0,754.140991642212
2023-10-01,TUCSON FIELD,1222.0,75.0,1651.539044565036
2023-10-01,TUCSON SECTOR,22938.0,58.0,32.5826
2023-10-01,YUMA SECTOR,25314.0,19.0,201.5358
2023-11-01,ATLANTA FIELD,1821.0,22.0,355.7634134469134
2023-11-01,BALTIMORE FIELD,1274.0,78.0,219.22897406014582
2023-11-01,BIG BEND,1523.0,55.0,1327.9515000000001
2023-11-01,BLAINE SECTOR,91.0,1.0,0.1534
2023-11-01,BOSTON FIELD,2746.0,28.0,9.457610577537999
2023-11-01,BUFFALO FIELD,7338.0,44.0,12.494015265837799
2023-11-01,BUFFALO SECTOR,19.0,4.0,1.7048
2023-11-01,CHICAGO FIELD,2974.0,555.0,3373.017691450536
2023-11-01,DEL RIO,48196.0,23.0,1.1806999999999999
2023-11-01,DETROIT FIELD,1265.0,115.0,22.214196397417798
2023-11-01,DETROIT SECTOR,24.0,8.0,64.3942
2023-11-01,EL CENTRO,7024.0,2.0,2.3349
2023-11-01,EL PASO,56132.0,121.0,574.5129244249025
2023-11-01,GRAND FORKS,30.0,1.0,0.1545
2023-11-01,HAVRE SECTOR,3.0,0.0,0.0
2023-11-01,HOULTON SECTOR,29.0,2.0,0.0112
2023-11-01,HOUSTON FIELD,6052.0,51.0,30.752942313166002
2023-11-01,LAREDO FIELD,14067.0,80.0,5113.753783060413
2023-11-01,LAREDO SECTOR,4309.0,16.0,2.8258
2023-11-01,LOS ANGELES,2213.0,353.0,1820.3559713924997
2023-11-01,MIAMI FIELD,6310.0,762.0,1246.875249523522
2023-11-01,MIAMI SECTOR,1120.0,9.0,41.8565
2023-11-01,NEW ORLEANS,1124.0,265.0,1637.37652680793
2023-11-01,NEW YORK,4438.0,724.0,8243.8946379636
2023-11-01,PORTLAND FIELD,469.0,15.0,249.55975318780798
2023-11-01,PRECLEARANCE FIELD,1009.0,41.0,16.0003573118168
2023-11-01,RAMEY SECTOR,66.0,3.0,469.8018
2023-11-01,RIO GRANDE,27832.0,56.0,1923.0026
2023-11-01,SAN DIEGO,26300.0,278.0,7135.275568420813
2023-11-01,SAN FRANCISCO,1841.0,95.0,518.9787910290283
2023-11-01,SAN JUAN,638.0,75.0,1524.1320955646877
2023-11-01,SEATTLE FIELD,3791.0,86.0,8.294341452095
2023-11-01,SPOKANE SECTOR,3.0,0.0,0.0
2023-11-01,SWANTON SECTOR,397.0,4.0,93.75659999999999
2023-11-01,TAMPA FIELD,2289.0,26.0,2.2238248830202
2023-11-01,TUCSON FIELD,1450.0,81.0,2651.8830530400705
2023-11-01,TUCSON SECTOR,23411.0,54.0,469.8482
2023-11-01,YUMA SECTOR,25006.0,13.0,8.1526
2023-12-01,ATLANTA FIELD,1285.0,18.0,21.2819055838722
2023-12-01,BALTIMORE FIELD,1587.0,66.0,80.3159893748864
2023-12-01,BIG BEND,1190.0,46.0,1434.7132000000001
2023-12-01,BLAINE SECTOR,49.0,0.0,0.0
2023-12-01,BOSTON FIELD,3330.0,22.0,2.6301368318862
2023-12-01,BUFFALO FIELD,6793.0,52.0,11.33065795549
2023-12-01,BUFFALO SECTOR,16.0,7.0,202.6027
2023-12-01,CHICAGO FIELD,3512.0,510.0,3158.7345016374193
2023-12-01,DEL RIO,51701.0,11.0,0.666
2023-12-01,DETROIT FIELD,1338.0,109.0,90.90523274327039
2023-12-01,DETROIT SECTOR,21.0,4.0,59.5923
2023-12-01,EL CENTRO,9759.0,11.0,14.2365
2023-12-01,EL PASO,58639.0,139.0,529.8491522628756
2023-12-01,GRAND FORKS,27.0,0.0,0.0
2023-12-01,HAVRE SECTOR,1.0,0.0,0.0
2023-12-01,HOULTON SECTOR,15.0,3.0,0.0485
2023-12-01,HOUSTON FIELD,6120.0,38.0,290.4725004292082
2023-12-01,LAREDO FIELD,15875.0,106.0,2729.0719175058434
2023-12-01,LAREDO SECTOR,3353.0,27.0,1504.7414999999999
2023-12-01,LOS ANGELES,2573.0,360.0,2053.8174379317106
2023-12-01,MIAMI FIELD,5574.0,667.0,1033.7000589467652
2023-12-01,MIAMI SECTOR,1271.0,5.0,13.2674
2023-12-01,NEW ORLEANS,1067.0,277.0,1291.4160780719776
2023-12-01,NEW YORK,4368.0,562.0,7181.242703153078
2023-12-01,PORTLAND FIELD,565.0,8.0,60.06714790452
2023-12-01,PRECLEARANCE FIELD,1087.0,34.0,1.3528446245368
2023-12-01,RAMEY SECTOR,151.0,1.0,884.3373
2023-12-01,RIO GRANDE,28189.0,68.0,5310.950699999999
2023-12-01,SAN DIEGO,28969.0,215.0,5645.443837443513
2023-12-01,SAN FRANCISCO,2121.0,82.0,317.46228420739135
2023-12-01,SAN JUAN,1148.0,85.0,2990.1524773501174
2023-12-01,SEATTLE FIELD,3623.0,86.0,7.071878209305
2023-12-01,SPOKANE SECTOR,4.0,0.0,0.0
2023-12-01,SWANTON SECTOR,416.0,2.0,93.8161
2023-12-01,TAMPA FIELD,1920.0,37.0,3.8400116795159995
2023-12-01,TUCSON FIELD,1630.0,62.0,2450.5117206179602
2023-12-01,TUCSON SECTOR,22131.0,44.0,469.9959
2023-12-01,YUMA SECTOR,30974.0,7.0,88.1784
2024-01-01,ATLANTA FIELD,1073.0,6.0,6.969253026344
2024-01-01,BALTIMORE FIELD,1565.0,73.0,263.5978420442414
2024-01-01,BIG BEND,324.0,77.0,741.0649000000001
2024-01-01,BLAINE SECTOR,223.0,3.0,0.0528
2024-01-01,BOSTON FIELD,4508.0,40.0,186.984516359645
2024-01-01,BUFFALO FIELD,4984.0,47.0,23.1377128129358
2024-01-01,BUFFALO SECTOR,38.0,4.0,0.7109000000000001
2024-01-01,CHICAGO FIELD,1121.0,938.0,6379.420331901542
2024-01-01,DEL RIO,16710.0,21.0,1.3664
2024-01-01,DETROIT FIELD,1197.0,188.0,378.74389257459086
2024-01-01,DETROIT SECTOR,13.0,6.0,2.9311
2024-01-01,EL CENTRO,1127.0,17.0,229.63479999999998
2024-01-01,EL PASO,25145.0,101.0,558.2993796755154
2024-01-01,GRAND FORKS,28.0,0.0,0.0
2024-01-01,HAVRE SECTOR,6.0,0.0,0.0
2024-01-01,HOULTON SECTOR,23.0,0.0,0.0
2024-01-01,HOUSTON FIELD,5465.0,68.0,148.370661401476
2024-01-01,LAREDO FIELD,24851.0,70.0,1135.0601853559567
2024-01-01,LAREDO SECTOR,2195.0,16.0,46.927600000000005
2024-01-01,LOS ANGELES,2091.0,232.0,2191.0908006820237
2024-01-01,MIAMI FIELD,25508.0,704.0,6072.846171751127
2024-01-01,MIAMI SECTOR,124.0,3.0,17.3617
2024-01-01,NEW ORLEANS,886.0,470.0,4065.514392258332
2024-01-01,NEW YORK,4392.0,558.0,3051.019903265697
2024-01-01,PORTLAND FIELD,300.0,9.0,34.7668987174
2024-01-01,PRECLEARANCE FIELD,1153.0,54.0,3.6372304909284
2024-01-01,RAMEY SECTOR,159.0,0.0,0.0
2024-01-01,RIO GRANDE,7342.0,44.0,1779.173
2024-01-01,SAN DIEGO,40201.0,223.0,6323.150453468772
2024-01-01,SAN FRANCISCO,1966.0,97.0,1306.5301329981019
2024-01-01,SAN JUAN,1457.0,97.0,304.4568626323922
2024-01-01,SEATTLE FIELD,5235.0,80.0,8.232016770627599
2024-01-01,SPOKANE SECTOR,10.0,3.0,0.2683
2024-01-01,SWANTON SECTOR,585.0,6.0,0.4167999999999999
2024-01-01,TAMPA FIELD,2181.0,22.0,5.074468069358799
2024-01-01,TUCSON FIELD,4051.0,55.0,1979.2990107993166
2024-01-01,TUCSON SECTOR,50560.0,47.0,170.739
2024-01-01,YUMA SECTOR,3733.0,8.0,0.3057
2024-02-01,ATLANTA FIELD,954.0,9.0,427.78938243004
2024-02-01,BALTIMORE FIELD,1586.0,83.0,419.0057690798884
2024-02-01,BIG BEND,568.0,74.0,1140.3654999999999
2024-02-01,BLAINE SECTOR,235.0,1.0,0.2205
2024-02-01,BOSTON FIELD,3611.0,39.0,49.74420090240581
2024-02-01,BUFFALO FIELD,4547.0,44.0,21.7356830577468
2024-02-01,BUFFALO SECTOR,43.0,2.0,427.8582
2024-02-01,CHICAGO FIELD,1396.0,1349.0,7404.936280527212
2024-02-01,DEL RIO,14102.0,17.0,1.9207
2024-02-01,DETROIT FIELD,1033.0,178.0,776.9542721903886
2024-02-01,DETROIT SECTOR,52.0,15.0,75.75840000000001
2024-02-01,EL CENTRO,1209.0,14.0,552.6464
2024-02-01,EL PASO,31100.0,152.0,744.6717111646086
2024-02-01,GRAND FORKS,23.0,0.0,0.0
2024-02-01,HAVRE SECTOR,7.0,4.0,0.0839
2024-02-01,HOULTON SECTOR,27.0,4.0,0.1742
2024-02-01,HOUSTON FIELD,5397.0,40.0,35.432474286377996
2024-02-01,LAREDO FIELD,23657.0,80.0,17317.529775495976
2024-02-01,LAREDO SECTOR,2920.0,27.0,260.4393
2024-02-01,LOS ANGELES,1987.0,367.0,3322.4749321427144
2024-02-01,MIAMI FIELD,26688.0,745.0,1095.3067609655097
2024-02-01,MIAMI SECTOR,132.0,4.0,12.8277
2024-02-01,NEW ORLEANS,778.0,399.0,2948.119164523423
2024-02-01,NEW YORK,4736.0,721.0,6561.035666239986
2024-02-01,PORTLAND FIELD,312.0,29.0,131.3869542162344
2024-02-01,PRECLEARANCE FIELD,1140.0,75.0,6.1786312623596
2024-02-01,RAMEY SECTOR,24.0,4.0,909.91
2024-02-01,RIO GRANDE,11951.0,51.0,3222.5389999999998
2024-02-01,SAN DIEGO,46129.0,264.0,10009.510912215117
2024-02-01,SAN FRANCISCO,2758.0,113.0,926.275721189192
2024-02-01,SAN JUAN,530.0,111.0,6319.645142170589
2024-02-01,SEATTLE FIELD,5150.0,90.0,160.01915980009142
2024-02-01,SPOKANE SECTOR,12.0,15.0,36.0428
2024-02-01,SWANTON SECTOR,868.0,4.0,9.3029
2024-02-01,TAMPA FIELD,2076.0,28.0,170.2977497950912
2024-02-01,TUCSON FIELD,3923.0,58.0,1688.323481626903
2024-02-01,TUCSON SECTOR,49450.0,31.0,1.0299
2024-02-01,YUMA SECTOR,4960.0,7.0,12.4046
2024-03-01,ATLANTA FIELD,1054.0,24.0,193.56277956433203
2024-03-01,BALTIMORE FIELD,1440.0,101.0,242.8618230673074
2024-03-01,BIG BEND,436.0,104.0,1470.2234999999998
2024-03-01,BLAINE SECTOR,226.0,1.0,0.1476
2024-03-01,BOSTON FIELD,4736.0,67.0,749.2512048097306
2024-03-01,BUFFALO FIELD,4834.0,56.0,17.0532409826764
2024-03-01,BUFFALO SECTOR,32.0,4.0,273.574
2024-03-01,CHICAGO FIELD,1462.0,1354.0,8034.965969431261
2024-03-01,DEL RIO,11270.0,16.0,1.6798000000000002
2024-03-01,DETROIT FIELD,1076.0,280.0,91.3440849220076
2024-03-01,DETROIT SECTOR,53.0,9.0,24.7474
2024-03-01,EL CENTRO,1712.0,17.0,239.26619999999997
2024-03-01,EL PASO,38142.0,132.0,1374.2802212698912
2024-03-01,GRAND FORKS,15.0,0.0,0.0
2024-03-01,HAVRE SECTOR,1.0,2.0,0.2496
2024-03-01,HOULTON SECTOR,39.0,5.0,282.9322
2024-03-01,HOUSTON FIELD,5982.0,55.0,206.76999024773986
2024-03-01,LAREDO FIELD,24598.0,72.0,2152.373394599393
2024-03-01,LAREDO SECTOR,2978.0,22.0,55.065
2024-03-01,LOS ANGELES,1974.0,212.0,2561.4354117678067
2024-03-01,MIAMI FIELD,17601.0,745.0,1228.12976226396
2024-03-01,MIAMI SECTOR,114.0,5.0,16.3139
2024-03-01,NEW ORLEANS,845.0,316.0,2304.969121122478
2024-03-01,NEW YORK,2481.0,987.0,5229.254821925036
2024-03-01,PORTLAND FIELD,347.0,32.0,254.5008856811092
2024-03-01,PRECLEARANCE FIELD,1334.0,70.0,12.6067155741722
2024-03-01,RAMEY SECTOR,7.0,1.0,607.257
2024-03-01,RIO GRANDE,9069.0,80.0,3143.5065
2024-03-01,SAN DIEGO,49280.0,243.0,16027.107310177495
2024-03-01,SAN FRANCISCO,2361.0,105.0,671.638942569786
2024-03-01,SAN JUAN,939.0,103.0,623.783419819708
2024-03-01,SEATTLE FIELD,5279.0,136.0,90.63000765538959
2024-03-01,SPOKANE SECTOR,5.0,12.0,13.953999999999999
2024-03-01,SWANTON SECTOR,1109.0,0.0,0.0
2024-03-01,TAMPA FIELD,1729.0,33.0,143.7846715660306
2024-03-01,TUCSON FIELD,4142.0,70.0,3306.7889981089616
2024-03-01,TUCSON SECTOR,41938.0,31.0,3.1171
2024-03-01,YUMA SECTOR,5865.0,16.0,61.536500000000004
2024-04-01,ATLANTA FIELD,1047.0,19.0,191.02107014573397
2024-04-01,BALTIMORE FIELD,1290.0,64.0,225.3914233924746
2024-04-01,BIG BEND,529.0,112.0,1082.8405
2024-04-01,BLAINE SECTOR,330.0,4.0,0.1047
2024-04-01,BOSTON FIELD,4945.0,49.0,27.3510332406964
2024-04-01,BUFFALO FIELD,4460.0,70.0,209.543758243319
2024-04-01,BUFFALO SECTOR,13.0,2.0,8.247800000000002
2024-04-01,CHICAGO FIELD,1751.0,1262.0,8165.961713363577
2024-04-01,DEL RIO,10271.0,18.0,6.3109
2024-04-01,DETROIT FIELD,1221.0,287.0,77.47398830921819
2024-04-01,DETROIT SECTOR,80.0,12.0,191.50799999999998
2024-04-01,EL CENTRO,1366.0,10.0,81.9519
2024-04-01,EL PASO,38059.0,152.0,1172.8278192065698
2024-04-01,GRAND FORKS,16.0,0.0,0.0
2024-04-01,HAVRE SECTOR,5.0,0.0,0.0
2024-04-01,HOULTON SECTOR,22.0,1.0,0.0201
2024-04-01,HOUSTON FIELD,5799.0,45.0,236.40181581995722
2024-04-01,LAREDO FIELD,24297.0,86.0,3062.4503865334204
2024-04-01,LAREDO SECTOR,3326.0,19.0,4.4478
2024-04-01,LOS ANGELES,2066.0,334.0,4586.530320726919
2024-04-01,MIAMI FIELD,26744.0,696.0,7537.3336353364175
2024-04-01,MIAMI SECTOR,136.0,4.0,24.163800000000002
2024-04-01,NEW ORLEANS,642.0,417.0,3418.952973172925
2024-04-01,NEW YORK,2812.0,647.0,1404.3494370635376
2024-04-01,PORTLAND FIELD,381.0,12.0,35.568279039770005
2024-04-01,PRECLEARANCE FIELD,1712.0,86.0,9.7221432457118
2024-04-01,RAMEY SECTOR,23.0,1.0,506.0475
2024-04-01,RIO GRANDE,8814.0,86.0,4087.6956999999998
2024-04-01,SAN DIEGO,52331.0,233.0,5818.406938675442
2024-04-01,SAN FRANCISCO,2671.0,91.0,467.463330175036
2024-04-01,SAN JUAN,971.0,101.0,265.5687526202952
2024-04-01,SEATTLE FIELD,5641.0,162.0,230.4787003192556
2024-04-01,SPOKANE SECTOR,4.0,18.0,42.8608
2024-04-01,SWANTON SECTOR,1470.0,4.0,0.7623000000000001
2024-04-01,TAMPA FIELD,1840.0,19.0,75.7803310738556
2024-04-01,TUCSON FIELD,4023.0,57.0,1517.3611262967866
2024-04-01,TUCSON SECTOR,31218.0,51.0,24.544
2024-04-01,YUMA SECTOR,5603.0,15.0,109.9485
2024-05-01,ATLANTA FIELD,1073.0,26.0,75.633547299816
2024-05-01,BALTIMORE FIELD,1253.0,75.0,156.51974026913922
2024-05-01,BIG BEND,751.0,87.0,985.6716
2024-05-01,BLAINE SECTOR,266.0,0.0,0.0
2024-05-01,BOSTON FIELD,4809.0,46.0,78.8093502763784
2024-05-01,BUFFALO FIELD,5259.0,76.0,45.535047211397
2024-05-01,BUFFALO SECTOR,60.0,3.0,1619.9164999999998
2024-05-01,CHICAGO FIELD,2198.0,1083.0,5684.2443752698855
2024-05-01,DEL RIO,10095.0,15.0,0.4553999999999998
2024-05-01,DETROIT FIELD,1445.0,305.0,32.049811569381
2024-05-01,DETROIT SECTOR,74.0,13.0,113.0957
2024-05-01,EL CENTRO,1714.0,21.0,439.6781
2024-05-01,EL PASO,31318.0,123.0,1955.6420479707367
2024-05-01,GRAND FORKS,21.0,0.0,0.0
2024-05-01,HAVRE SECTOR,11.0,4.0,0.4555999999999999
2024-05-01,HOULTON SECTOR,38.0,2.0,0.0
2024-05-01,HOUSTON FIELD,5771.0,132.0,302.63674824354644
2024-05-01,LAREDO FIELD,25137.0,82.0,1503.3830913605223
2024-05-01,LAREDO SECTOR,2953.0,22.0,0.9699
2024-05-01,LOS ANGELES,1930.0,291.0,3060.106806549682
2024-05-01,MIAMI FIELD,25425.0,633.0,6052.978068607235
2024-05-01,MIAMI SECTOR,121.0,9.0,112.0167
2024-05-01,NEW ORLEANS,676.0,271.0,2718.715496767662
2024-05-01,NEW YORK,3023.0,820.0,4000.719100451829
2024-05-01,PORTLAND FIELD,606.0,10.0,2.3216660348958
2024-05-01,PRECLEARANCE FIELD,1609.0,101.0,6.477335581143399
2024-05-01,RAMEY SECTOR,119.0,0.0,0.0
2024-05-01,RIO GRANDE,7867.0,72.0,792.3208
2024-05-01,SAN DIEGO,48190.0,240.0,18887.36101569963
2024-05-01,SAN FRANCISCO,3424.0,71.0,746.3868929631481
2024-05-01,SAN JUAN,777.0,99.0,251.3575788419656
2024-05-01,SEATTLE FIELD,5259.0,115.0,434.111799179676
2024-05-01,SPOKANE SECTOR,18.0,7.0,2.2063
2024-05-01,SWANTON SECTOR,2911.0,3.0,0.4382
2024-05-01,TAMPA FIELD,1921.0,20.0,35.68208165941441
2024-05-01,TUCSON FIELD,4260.0,77.0,3627.305544447874
2024-05-01,TUCSON SECTOR,33221.0,58.0,20.757800000000003
2024-05-01,YUMA SECTOR,5321.0,13.0,74.7912
2024-06-01,ATLANTA FIELD,1009.0,30.0,15.544132706834
2024-06-01,BALTIMORE FIELD,1408.0,68.0,173.36623174251199
2024-06-01,BIG BEND,215.0,92.0,1784.3529
2024-06-01,BLAINE SECTOR,181.0,2.0,0.0249
2024-06-01,BOSTON FIELD,4514.0,50.0,3.236275775029
2024-06-01,BUFFALO FIELD,4933.0,98.0,36.2455611548602
2024-06-01,BUFFALO SECTOR,36.0,4.0,52.3834
2024-06-01,CHICAGO FIELD,2147.0,1076.0,6538.260657940493
2024-06-01,DEL RIO,7640.0,12.0,11.084599999999998
2024-06-01,DETROIT FIELD,1180.0,312.0,135.7217273041308
2024-06-01,DETROIT SECTOR,43.0,14.0,299.2654
2024-06-01,EL CENTRO,1199.0,6.0,0.0428
2024-06-01,EL PASO,21943.0,105.0,255.8577017611314
2024-06-01,GRAND FORKS,11.0,0.0,0.0
2024-06-01,HAVRE SECTOR,1.0,3.0,0.2414
2024-06-01,HOULTON SECTOR,12.0,4.0,0.0412
2024-06-01,HOUSTON FIELD,5930.0,49.0,2210.5826408833605
2024-06-01,LAREDO FIELD,21343.0,70.0,7834.104698498514
2024-06-01,LAREDO SECTOR,2419.0,16.0,25.9992
2024-06-01,LOS ANGELES,2038.0,241.0,1340.495871855394
2024-06-01,MIAMI FIELD,30186.0,547.0,1186.4288183434574
2024-06-01,MIAMI SECTOR,244.0,19.0,224.63119999999998
2024-06-01,NEW ORLEANS,738.0,372.0,2113.158337299926
2024-06-01,NEW YORK,3980.0,938.0,2900.653330867656
2024-06-01,PORTLAND FIELD,539.0,7.0,10.464902652615999
2024-06-01,PRECLEARANCE FIELD,1281.0,71.0,7.4227659455042
2024-06-01,RAMEY SECTOR,118.0,1.0,0.0084
2024-06-01,RIO GRANDE,5981.0,60.0,874.2835
2024-06-01,SAN DIEGO,40259.0,195.0,6368.77806366073
2024-06-01,SAN FRANCISCO,3415.0,64.0,343.98285815336
2024-06-01,SAN JUAN,595.0,71.0,1159.1026752921405
2024-06-01,SEATTLE FIELD,4818.0,113.0,10.767156413818
2024-06-01,SPOKANE SECTOR,7.0,8.0,4.3793
2024-06-01,SWANTON SECTOR,3310.0,8.0,0.3618999999999999
2024-06-01,TAMPA FIELD,1772.0,13.0,6.494597776257999
2024-06-01,TUCSON FIELD,3532.0,73.0,1798.8617386040953
2024-06-01,TUCSON SECTOR,22436.0,57.0,247.8786
2024-06-01,YUMA SECTOR,3519.0,10.0,91.13419999999999
2024-07-01,ATLANTA FIELD,915.0,37.0,107.0486039244466
2024-07-01,BALTIMORE FIELD,1126.0,57.0,110.1959893154372
2024-07-01,BIG BEND,214.0,99.0,1216.3865
2024-07-01,BLAINE SECTOR,99.0,3.0,0.024499999999999997
2024-07-01,BOSTON FIELD,3989.0,80.0,13.929158452779198
2024-07-01,BUFFALO FIELD,5929.0,102.0,29.1132983319934
2024-07-01,BUFFALO SECTOR,58.0,0.0,0.0
2024-07-01,CHICAGO FIELD,2151.0,1160.0,5493.04248197686
2024-07-01,DEL RIO,7236.0,10.0,0.6792
2024-07-01,DETROIT FIELD,1395.0,284.0,265.5017320926472
2024-07-01,DETROIT SECTOR,50.0,15.0,114.30420000000001
2024-07-01,EL CENTRO,872.0,48.0,759.4257
2024-07-01,EL PASO,19302.0,138.0,1833.1498662052697
2024-07-01,GRAND FORKS,30.0,0.0,0.0
2024-07-01,HAVRE SECTOR,4.0,3.0,2.7116999999999996
2024-07-01,HOULTON SECTOR,31.0,1.0,0.0
2024-07-01,HOUSTON FIELD,5795.0,45.0,56.3748018480916
2024-07-01,LAREDO FIELD,21609.0,53.0,544.9608859000621
2024-07-01,LAREDO SECTOR,1978.0,22.0,296.0934
2024-07-01,LOS ANGELES,2040.0,233.0,2509.387865244478
2024-07-01,MIAMI FIELD,22840.0,686.0,2014.9777193861223
2024-07-01,MIAMI SECTOR,120.0,13.0,247.0707
2024-07-01,NEW ORLEANS,824.0,269.0,1572.426650369918
2024-07-01,NEW YORK,3807.0,998.0,7327.326840204221
2024-07-01,PORTLAND FIELD,503.0,9.0,10.2975497495318
2024-07-01,PRECLEARANCE FIELD,1342.0,85.0,26.228726003532998
2024-07-01,RAMEY SECTOR,12.0,0.0,0.0
2024-07-01,RIO GRANDE,5032.0,67.0,1774.3445
2024-07-01,SAN DIEGO,30428.0,218.0,7211.217512214272
2024-07-01,SAN FRANCISCO,2921.0,75.0,1316.9525084803784
2024-07-01,SAN JUAN,1039.0,105.0,335.0499918518344
2024-07-01,SEATTLE FIELD,4664.0,260.0,292.543170178817
2024-07-01,SPOKANE SECTOR,14.0,34.0,23.1023
2024-07-01,SWANTON SECTOR,2751.0,5.0,0.0172
2024-07-01,TAMPA FIELD,1540.0,15.0,7.3718832554346
2024-07-01,TUCSON FIELD,3627.0,78.0,3907.702787226325
2024-07-01,TUCSON SECTOR,11723.0,48.0,454.1323
2024-07-01,YUMA SECTOR,2170.0,4.0,88.6451
2024-08-01,ATLANTA FIELD,869.0,11.0,21.67364497722
2024-08-01,BALTIMORE FIELD,1226.0,82.0,211.224011373152
2024-08-01,BIG BEND,308.0,88.0,1028.977
2024-08-01,BLAINE SECTOR,66.0,2.0,3.6207000000000003
2024-08-01,BOSTON FIELD,3452.0,76.0,132.1226808769808
2024-08-01,BUFFALO FIELD,7112.0,123.0,42.6011133824748
2024-08-01,BUFFALO SECTOR,44.0,3.0,4.1895
2024-08-01,CHICAGO FIELD,1801.0,1285.0,7347.179797590714
2024-08-01,DEL RIO,7665.0,12.0,1.2576
2024-08-01,DETROIT FIELD,1469.0,396.0,949.6794217212309
2024-08-01,DETROIT SECTOR,57.0,33.0,268.8157
2024-08-01,EL CENTRO,1088.0,32.0,6.724
2024-08-01,EL PASO,20990.0,143.0,1749.1286652527049
2024-08-01,GRAND FORKS,25.0,1.0,0.0657
2024-08-01,HAVRE SECTOR,11.0,0.0,0.0
2024-08-01,HOULTON SECTOR,14.0,0.0,0.0
2024-08-01,HOUSTON FIELD,5215.0,51.0,554.1535669773546
2024-08-01,LAREDO FIELD,22220.0,81.0,5765.473431149072
2024-08-01,LAREDO SECTOR,2372.0,11.0,432.0715
2024-08-01,LOS ANGELES,1813.0,233.0,2707.2169864105817
2024-08-01,MIAMI FIELD,9230.0,540.0,1055.3352553054924
2024-08-01,MIAMI SECTOR,147.0,27.0,454.0305
2024-08-01,NEW ORLEANS,1260.0,225.0,2506.51188658667
2024-08-01,NEW YORK,2946.0,1014.0,4787.255412120428
2024-08-01,PORTLAND FIELD,545.0,6.0,58.0459057940516
2024-08-01,PRECLEARANCE FIELD,1372.0,56.0,3.9928361195344
2024-08-01,RAMEY SECTOR,24.0,3.0,680.5071
2024-08-01,RIO GRANDE,5243.0,34.0,692.7459
2024-08-01,SAN DIEGO,30246.0,219.0,11639.90299612001
2024-08-01,SAN FRANCISCO,3124.0,86.0,403.3798228276262
2024-08-01,SAN JUAN,768.0,95.0,1499.861206725072
2024-08-01,SEATTLE FIELD,5722.0,155.0,15.1508941701046
2024-08-01,SPOKANE SECTOR,16.0,14.0,5.6989
2024-08-01,SWANTON SECTOR,2198.0,4.0,0.33199999999999996
2024-08-01,TAMPA FIELD,838.0,19.0,1.4164479871237998
2024-08-01,TUCSON FIELD,3758.0,81.0,2407.51026981392
2024-08-01,TUCSON SECTOR,11923.0,39.0,165.5755
2024-08-01,YUMA SECTOR,1716.0,6.0,228.1767
2024-09-01,ATLANTA FIELD,951.0,14.0,27906.52340422962
2024-09-01,BALTIMORE FIELD,1136.0,62.0,199.328418871287
2024-09-01,BIG BEND,349.0,79.0,102.5428
2024-09-01,BLAINE SECTOR,63.0,4.0,0.2026
2024-09-01,BOSTON FIELD,3432.0,62.0,46.925590882735804
2024-09-01,BUFFALO FIELD,5800.0,106.0,40.557626629770596
2024-09-01,BUFFALO SECTOR,40.0,3.0,11.1457
2024-09-01,CHICAGO FIELD,2470.0,923.0,5815.236613852235
2024-09-01,DEL RIO,6932.0,32.0,1.2816
2024-09-01,DETROIT FIELD,1505.0,291.0,32.2967072565948
2024-09-01,DETROIT SECTOR,41.0,9.0,74.1135
2024-09-01,EL CENTRO,1138.0,27.0,47.4355
2024-09-01,EL PASO,20112.0,133.0,539.9696638981644
2024-09-01,GRAND FORKS,41.0,0.0,0.0
2024-09-01,HAVRE SECTOR,6.0,0.0,0.0
2024-09-01,HOULTON SECTOR,15.0,6.0,0.8943
2024-09-01,HOUSTON FIELD,4517.0,48.0,215.98892838043662
2024-09-01,LAREDO FIELD,21309.0,85.0,9621.138658792535
2024-09-01,LAREDO SECTOR,2062.0,13.0,243.3356
2024-09-01,LOS ANGELES,1580.0,324.0,6473.986759383621
2024-09-01,MIAMI FIELD,3144.0,467.0,2223.711852018472
2024-09-01,MIAMI SECTOR,145.0,16.0,278.9993
2024-09-01,NEW ORLEANS,1171.0,167.0,1442.468737643836
2024-09-01,NEW YORK,2957.0,682.0,3304.1031284172414
2024-09-01,PORTLAND FIELD,646.0,3.0,1.048738980334
2024-09-01,PRECLEARANCE FIELD,1430.0,54.0,3.9695553046671996
2024-09-01,RAMEY SECTOR,118.0,3.0,3176.3025
2024-09-01,RIO GRANDE,4689.0,48.0,1605.8595
2024-09-01,SAN DIEGO,28711.0,198.0,6701.721211239814
2024-09-01,SAN FRANCISCO,2553.0,87.0,572.1516430762845
2024-09-01,SAN JUAN,850.0,115.0,288.481042770336
2024-09-01,SEATTLE FIELD,6052.0,116.0,14.2201024999406
2024-09-01,SPOKANE SECTOR,11.0,13.0,6.7662
2024-09-01,SWANTON SECTOR,1575.0,1.0,0.108
2024-09-01,TAMPA FIELD,543.0,28.0,57.33403315005361
2024-09-01,TUCSON FIELD,3700.0,55.0,1900.468562284465
2024-09-01,TUCSON SECTOR,11055.0,44.0,92.37010000000001
2024-09-01,YUMA SECTOR,1817.0,20.0,331.8039
2024-10-01,ATLANTA FIELD,917.0,7.0,34.039593715062
2024-10-01,BALTIMORE FIELD,1591.0,95.0,466.1606627613304
2024-10-01,BIG BEND,479.0,91.0,1411.7087
2024-10-01,BLAINE SECTOR,229.0,2.0,0.0259
2024-10-01,BOSTON FIELD,3446.0,47.0,48.461992386613794
2024-10-01,BUFFALO FIELD,5274.0,74.0,18.8439897982238
2024-10-01,BUFFALO SECTOR,32.0,5.0,35.7959
2024-10-01,CHICAGO FIELD,1883.0,777.0,5001.193909186909
2024-10-01,DEL RIO,38206.0,11.0,0.2299
2024-10-01,DETROIT FIELD,1392.0,285.0,56.746831915216596
2024-10-01,DETROIT SECTOR,61.0,7.0,27.347900000000003
2024-10-01,EL CENTRO,2049.0,9.0,1168.2222
2024-10-01,EL PASO,29679.0,114.0,1048.8374977580825
2024-10-01,GRAND FORKS,19.0,0.0,0.0
2024-10-01,HAVRE SECTOR,31.0,0.0,0.0
2024-10-01,HOULTON SECTOR,53.0,5.0,0.522
2024-10-01,HOUSTON FIELD,6208.0,36.0,328.8948398203778
2024-10-01,LAREDO FIELD,24464.0,75.0,2925.9458638756105
2024-10-01,LAREDO SECTOR,2827.0,11.0,292.886
2024-10-01,LOS ANGELES,2266.0,187.0,2311.303118085585
2024-10-01,MIAMI FIELD,25351.0,644.0,1068.4550967944697
2024-10-01,MIAMI SECTOR,69.0,8.0,548.6992000000001
2024-10-01,NEW ORLEANS,969.0,472.0,4175.399871880765
2024-10-01,NEW YORK,4379.0,904.0,1492.576031277282
2024-10-01,PORTLAND FIELD,344.0,11.0,111.8142484571958
2024-10-01,PRECLEARANCE FIELD,1222.0,63.0,16.792830958802
2024-10-01,RAMEY SECTOR,75.0,0.0,0.0
2024-10-01,RIO GRANDE,32111.0,51.0,1398.6190000000001
2024-10-01,SAN DIEGO,45905.0,205.0,9133.672965813183
2024-10-01,SAN FRANCISCO,2742.0,65.0,233.6065748000592
2024-10-01,SAN JUAN,1576.0,107.0,205.96706668953578
2024-10-01,SEATTLE FIELD,5102.0,149.0,21.962384401761398
2024-10-01,SPOKANE SECTOR,22.0,0.0,0.0
2024-10-01,SWANTON SECTOR,1075.0,4.0,0.1129
2024-10-01,TAMPA FIELD,1696.0,21.0,75.93602152328
2024-10-01,TUCSON FIELD,4187.0,55.0,3216.700820554889
2024-10-01,TUCSON SECTOR,55223.0,38.0,529.0988
2024-10-01,YUMA SECTOR,5870.0,11.0,26.6203
2024-11-01,ATLANTA FIELD,1172.0,9.0,52.550707543892
2024-11-01,BALTIMORE FIELD,1521.0,103.0,198.4138752698324
2024-11-01,BIG BEND,426.0,59.0,890.7652
2024-11-01,BLAINE SECTOR,198.0,2.0,0.087
2024-11-01,BOSTON FIELD,3250.0,31.0,14.539265716637999
2024-11-01,BUFFALO FIELD,4926.0,45.0,96.6269339214088
2024-11-01,BUFFALO SECTOR,31.0,2.0,232.92470000000003
2024-11-01,CHICAGO FIELD,1505.0,735.0,5154.025668552406
2024-11-01,DEL RIO,42930.0,19.0,0.8217999999999999
2024-11-01,DETROIT FIELD,1147.0,194.0,52.67401208702859
2024-11-01,DETROIT SECTOR,55.0,2.0,16.2509
2024-11-01,EL CENTRO,1788.0,13.0,560.0131
2024-11-01,EL PASO,30024.0,113.0,967.3574904493328
2024-11-01,GRAND FORKS,22.0,0.0,0.0
2024-11-01,HAVRE SECTOR,4.0,2.0,0.0771
2024-11-01,HOULTON SECTOR,47.0,2.0,0.030899999999999997
2024-11-01,HOUSTON FIELD,5534.0,57.0,395.59009744702297
2024-11-01,LAREDO FIELD,24226.0,52.0,2384.7723653131206
2024-11-01,LAREDO SECTOR,2811.0,22.0,4286.0548
2024-11-01,LOS ANGELES,1978.0,317.0,1928.3511520850693
2024-11-01,MIAMI FIELD,26971.0,588.0,1119.0208282699923
2024-11-01,MIAMI SECTOR,50.0,3.0,11.099
2024-11-01,NEW ORLEANS,882.0,578.0,4308.68753301079
2024-11-01,NEW YORK,4257.0,543.0,2251.084270098583
2024-11-01,PORTLAND FIELD,450.0,7.0,15.397084378079999
2024-11-01,PRECLEARANCE FIELD,1214.0,54.0,15.711904488216
2024-11-01,RAMEY SECTOR,27.0,0.0,0.0
2024-11-01,RIO GRANDE,18784.0,58.0,3548.3182
2024-11-01,SAN DIEGO,46616.0,244.0,15550.241040910318
2024-11-01,SAN FRANCISCO,1776.0,65.0,722.6176660007133
2024-11-01,SAN JUAN,1239.0,104.0,364.53567299057204
2024-11-01,SEATTLE FIELD,4719.0,127.0,56.0471067418548
2024-11-01,SPOKANE SECTOR,15.0,0.0,0.0
2024-11-01,SWANTON SECTOR,776.0,5.0,1.6143
2024-11-01,TAMPA FIELD,2392.0,22.0,3.121194474265
2024-11-01,TUCSON FIELD,4047.0,63.0,2338.405315571162
2024-11-01,TUCSON SECTOR,64636.0,28.0,519.9048
2024-11-01,YUMA SECTOR,6159.0,11.0,117.7415
2024-12-01,ATLANTA FIELD,987.0,3.0,71.799929025898
2024-12-01,BALTIMORE FIELD,1539.0,108.0,272.149088170245
2024-12-01,BIG BEND,322.0,76.0,509.03229999999996
2024-12-01,BLAINE SECTOR,291.0,4.0,0.018000000000000002
2024-12-01,BOSTON FIELD,4236.0,44.0,47.353971104028
2024-12-01,BUFFALO FIELD,5131.0,65.0,25.3829004891438
2024-12-01,BUFFALO SECTOR,31.0,0.0,0.0
2024-12-01,CHICAGO FIELD,1606.0,728.0,3974.860706956004
2024-12-01,DEL RIO,71048.0,7.0,0.10389999999999999
2024-12-01,DETROIT FIELD,1326.0,198.0,180.8729056249334
2024-12-01,DETROIT SECTOR,45.0,14.0,67.0088
2024-12-01,EL CENTRO,2222.0,12.0,346.7249
2024-12-01,EL PASO,41543.0,119.0,1409.981113174863
2024-12-01,GRAND FORKS,8.0,0.0,0.0
2024-12-01,HAVRE SECTOR,13.0,0.0,0.0
2024-12-01,HOULTON SECTOR,23.0,2.0,0.1303
2024-12-01,HOUSTON FIELD,5900.0,22.0,177.52009349821122
2024-12-01,LAREDO FIELD,24853.0,48.0,1530.9724443064406
2024-12-01,LAREDO SECTOR,2267.0,18.0,41.266600000000004
2024-12-01,LOS ANGELES,2212.0,258.0,2416.011471006449
2024-12-01,MIAMI FIELD,27661.0,415.0,752.1117687978592
2024-12-01,MIAMI SECTOR,59.0,6.0,44.9945
2024-12-01,NEW ORLEANS,999.0,538.0,3288.2916223024754
2024-12-01,NEW YORK,4311.0,454.0,1597.3652056633955
2024-12-01,PORTLAND FIELD,314.0,11.0,28.379445600474
2024-12-01,PRECLEARANCE FIELD,1185.0,37.0,34.964653366414005
2024-12-01,RAMEY SECTOR,178.0,0.0,0.0
2024-12-01,RIO GRANDE,18216.0,48.0,1914.9762
2024-12-01,SAN DIEGO,50253.0,215.0,11319.296341375977
2024-12-01,SAN FRANCISCO,1874.0,93.0,821.6365713723695
2024-12-01,SAN JUAN,1275.0,97.0,201.0898241597622
2024-12-01,SEATTLE FIELD,4749.0,145.0,112.9795017429968
2024-12-01,SPOKANE SECTOR,10.0,2.0,5.0054
2024-12-01,SWANTON SECTOR,757.0,2.0,0.2542
2024-12-01,TAMPA FIELD,2075.0,14.0,161.08582236232598
2024-12-01,TUCSON FIELD,4036.0,45.0,2215.183181228098
2024-12-01,TUCSON SECTOR,80184.0,21.0,1.8401
2024-12-01,YUMA SECTOR,7144.0,2.0,0.1386
2025-01-01,ATLANTA FIELD,0.0,19.0,178.197000827456
2025-01-01,BALTIMORE FIELD,0.0,36.0,139.6902243899404
2025-01-01,BIG BEND,0.0,121.0,243.2857
2025-01-01,BLAINE SECTOR,0.0,2.0,0.1052
2025-01-01,BOSTON FIELD,0.0,40.0,43.256702010984206
2025-01-01,BUFFALO FIELD,0.0,99.0,53.504250919494396
2025-01-01,CHICAGO FIELD,0.0,1063.0,3922.1285369242596
2025-01-01,DEL RIO,0.0,31.0,0.5788
2025-01-01,DETROIT FIELD,0.0,257.0,181.855461834215
2025-01-01,DETROIT SECTOR,0.0,11.0,251.317
2025-01-01,EL CENTRO,0.0,21.0,40.5025
2025-01-01,EL PASO,0.0,86.0,380.951267687736
2025-01-01,GRAND FORKS,0.0,1.0,0.0004
2025-01-01,HOULTON SECTOR,0.0,2.0,0.0448
2025-01-01,HOUSTON FIELD,0.0,63.0,64.54515532403781
2025-01-01,LAREDO FIELD,0.0,63.0,6082.707867608686
2025-01-01,LAREDO SECTOR,0.0,11.0,0.2136
2025-01-01,LOS ANGELES,0.0,259.0,2312.7496812176983
2025-01-01,MIAMI FIELD,0.0,571.0,1062.8205884409522
2025-01-01,MIAMI SECTOR,0.0,3.0,10.281500000000001
2025-01-01,NEW ORLEANS,0.0,175.0,1722.8486520312076
2025-01-01,NEW YORK,0.0,479.0,10791.538614053701
2025-01-01,PORTLAND FIELD,0.0,10.0,5.218121279278001
2025-01-01,PRECLEARANCE FIELD,0.0,37.0,109.3947192241982
2025-01-01,RAMEY SECTOR,0.0,1.0,1640.52
2025-01-01,RIO GRANDE,0.0,33.0,1394.5187000000003
2025-01-01,SAN DIEGO,0.0,188.0,4828.026674859476
2025-01-01,SAN FRANCISCO,0.0,75.0,793.6918993987858
2025-01-01,SAN JUAN,0.0,140.0,457.457540183035
2025-01-01,SEATTLE FIELD,0.0,152.0,63.347736594211
2025-01-01,SPOKANE SECTOR,0.0,14.0,50.666
2025-01-01,SWANTON SECTOR,0.0,2.0,245.4588
2025-01-01,TAMPA FIELD,0.0,28.0,12.1821713962388
2025-01-01,TUCSON FIELD,0.0,45.0,1189.001370432509
2025-01-01,TUCSON SECTOR,0.0,33.0,208.38150000000002
2025-01-01,YUMA SECTOR,0.0,11.0,36.2089
2025-02-01,ATLANTA FIELD,0.0,8.0,3437.430040307946
2025-02-01,BALTIMORE FIELD,0.0,65.0,488.5750388926442
2025-02-01,BIG BEND,0.0,103.0,2049.2469
2025-02-01,BOSTON FIELD,0.0,44.0,31.568013342006203
2025-02-01,BUFFALO FIELD,0.0,68.0,31.7957949511046
2025-02-01,BUFFALO SECTOR,0.0,2.0,0.7584000000000001
2025-02-01,CHICAGO FIELD,0.0,971.0,5035.15825913195
2025-02-01,DEL RIO,0.0,15.0,0.2582
2025-02-01,DETROIT FIELD,0.0,196.0,270.7082350107178
2025-02-01,DETROIT SECTOR,0.0,11.0,14.7111
2025-02-01,EL CENTRO,0.0,23.0,124.1474
2025-02-01,EL PASO,0.0,109.0,320.7615284337362
2025-02-01,GRAND FORKS,0.0,2.0,1.6283999999999998
2025-02-01,HAVRE SECTOR,0.0,1.0,0.0243
2025-02-01,HOULTON SECTOR,0.0,3.0,0.1413
2025-02-01,HOUSTON FIELD,0.0,67.0,53.9445140567084
2025-02-01,LAREDO FIELD,0.0,72.0,3631.368641890308
2025-02-01,LAREDO SECTOR,0.0,23.0,3.8539
2025-02-01,LOS ANGELES,0.0,252.0,2256.9140859700065
2025-02-01,MIAMI FIELD,0.0,858.0,2286.9776427898983
2025-02-01,MIAMI SECTOR,0.0,5.0,87.2858
2025-02-01,NEW ORLEANS,0.0,158.0,2014.0172094030409
2025-02-01,NEW YORK,0.0,591.0,12086.289911363892
2025-02-01,PORTLAND FIELD,0.0,11.0,118.17401151401461
2025-02-01,PRECLEARANCE FIELD,0.0,30.0,3.0733762096372
2025-02-01,RIO GRANDE,0.0,38.0,1355.5263
2025-02-01,SAN DIEGO,0.0,177.0,5613.323965779276
2025-02-01,SAN FRANCISCO,0.0,91.0,971.4734390935027
2025-02-01,SAN JUAN,0.0,136.0,324.1249183197458
2025-02-01,SEATTLE FIELD,0.0,126.0,39.227401433315
2025-02-01,SPOKANE SECTOR,0.0,12.0,1.704
2025-02-01,SWANTON SECTOR,0.0,2.0,0.79
2025-02-01,TAMPA FIELD,0.0,23.0,132.38544984705862
2025-02-01,TUCSON FIELD,0.0,48.0,1117.4523935994455
2025-02-01,TUCSON SECTOR,0.0,28.0,216.2656
2025-02-01,YUMA SECTOR,0.0,13.0,246.33839999999998
2025-10-01,ATLANTA FIELD,0.0,16.0,127.689096603256
2025-10-01,BALTIMORE FIELD,0.0,62.0,375.0832930838904
2025-10-01,BIG BEND,0.0,115.0,392.8841
2025-10-01,BLAINE SECTOR,0.0,1.0,0.0699
2025-10-01,BOSTON FIELD,0.0,58.0,106.07363161697779
2025-10-01,BUFFALO FIELD,0.0,88.0,52.937993599547404
2025-10-01,BUFFALO SECTOR,0.0,2.0,21.0798
2025-10-01,CHICAGO FIELD,0.0,1088.0,5452.019635881816
2025-10-01,DEL RIO,0.0,12.0,0.6652999999999999
2025-10-01,DETROIT FIELD,0.0,287.0,27.8237263766506
2025-10-01,DETROIT SECTOR,0.0,10.0,21.6624
2025-10-01,EL CENTRO,0.0,32.0,2581.1402
2025-10-01,EL PASO,0.0,107.0,483.0341648037666
2025-10-01,HAVRE SECTOR,0.0,1.0,0.4985
2025-10-01,HOULTON SECTOR,0.0,2.0,0.0196
2025-10-01,HOUSTON FIELD,0.0,50.0,694.8302277123877
2025-10-01,LAREDO FIELD,0.0,78.0,2432.656856804426
2025-10-01,LAREDO SECTOR,0.0,16.0,51.3523
2025-10-01,LOS ANGELES,0.0,215.0,1570.889958758494
2025-10-01,MIAMI FIELD,0.0,634.0,1091.2555243927716
2025-10-01,MIAMI SECTOR,0.0,16.0,131.8466
2025-10-01,NEW ORLEANS,0.0,261.0,1868.316487243742
2025-10-01,NEW YORK,0.0,622.0,5399.5680261246935
2025-10-01,PORTLAND FIELD,0.0,10.0,107.303722854033
2025-10-01,PRECLEARANCE FIELD,0.0,38.0,1.7031150664024
2025-10-01,RAMEY SECTOR,0.0,1.0,1147.7025
2025-10-01,RIO GRANDE,0.0,53.0,2598.1018999999997
2025-10-01,SAN DIEGO,0.0,206.0,9709.933398094208
2025-10-01,SAN FRANCISCO,0.0,108.0,1252.4806568584554
2025-10-01,SAN JUAN,0.0,93.0,1651.6607397336602
2025-10-01,SEATTLE FIELD,0.0,141.0,25.238034736783604
2025-10-01,SPOKANE SECTOR,0.0,7.0,2.0924
2025-10-01,SWANTON SECTOR,0.0,3.0,0.1475999999999999
2025-10-01,TAMPA FIELD,0.0,19.0,59.5481136010934
2025-10-01,TUCSON FIELD,0.0,73.0,2777.049091332093
2025-10-01,TUCSON SECTOR,0.0,41.0,252.00300000000001
2025-10-01,YUMA SECTOR,0.0,16.0,150.6204
2025-11-01,ATLANTA FIELD,0.0,22.0,59.621174794720204
2025-11-01,BALTIMORE FIELD,0.0,58.0,864.7094519492983
2025-11-01,BIG BEND,0.0,93.0,1130.2024
2025-11-01,BLAINE SECTOR,0.0,3.0,0.1081
2025-11-01,BOSTON FIELD,0.0,34.0,3.8411360370522
2025-11-01,BUFFALO FIELD,0.0,64.0,66.424397691552
2025-11-01,CHICAGO FIELD,0.0,851.0,4506.3791930315565
2025-11-01,DEL RIO,0.0,24.0,0.8674999999999999
2025-11-01,DETROIT FIELD,0.0,283.0,98.2091474833304
2025-11-01,DETROIT SECTOR,0.0,13.0,19.4114
2025-11-01,EL CENTRO,0.0,14.0,12.8878
2025-11-01,EL PASO,0.0,110.0,488.92519618781057
2025-11-01,GRAND FORKS,0.0,2.0,36.8767
2025-11-01,HOULTON SECTOR,0.0,2.0,1.4329999999999998
2025-11-01,HOUSTON FIELD,0.0,47.0,73.66603184259701
2025-11-01,LAREDO FIELD,0.0,104.0,4774.633264187916
2025-11-01,LAREDO SECTOR,0.0,13.0,272.0121
2025-11-01,LOS ANGELES,0.0,201.0,4417.660659326385
2025-11-01,MIAMI FIELD,0.0,594.0,1159.8504612386184
2025-11-01,MIAMI SECTOR,0.0,11.0,74.1714
2025-11-01,NEW ORLEANS,0.0,242.0,2484.0372707617075
2025-11-01,NEW YORK,0.0,655.0,3529.900378741606
2025-11-01,PORTLAND FIELD,0.0,12.0,255.598324775119
2025-11-01,PRECLEARANCE FIELD,0.0,28.0,79.21751410824518
2025-11-01,RIO GRANDE,0.0,43.0,827.4893000000001
2025-11-01,SAN DIEGO,0.0,179.0,5428.728518230124
2025-11-01,SAN FRANCISCO,0.0,109.0,2568.307529121514
2025-11-01,SAN JUAN,0.0,113.0,294.57007816941876
2025-11-01,SEATTLE FIELD,0.0,111.0,76.6497460502788
2025-11-01,SPOKANE SECTOR,0.0,6.0,7.035
2025-11-01,SWANTON SECTOR,0.0,3.0,0.07469999999999999
2025-11-01,TAMPA FIELD,0.0,17.0,35.625224442044605
2025-11-01,TUCSON FIELD,0.0,55.0,1115.3302018192076
2025-11-01,TUCSON SECTOR,0.0,39.0,328.9538
2025-11-01,YUMA SECTOR,0.0,12.0,36.168200000000006
2025-12-01,ATLANTA FIELD,0.0,11.0,26.013224142428
2025-12-01,BALTIMORE FIELD,0.0,58.0,339.5971582829418
2025-12-01,BIG BEND,0.0,106.0,487.4258
2025-12-01,BLAINE SECTOR,0.0,2.0,78.94980000000001
2025-12-01,BOSTON FIELD,0.0,30.0,4.1191609956604
2025-12-01,BUFFALO FIELD,0.0,65.0,15.165378540718
2025-12-01,CHICAGO FIELD,0.0,1207.0,5778.642105029082
2025-12-01,DEL RIO,0.0,21.0,52.0523
2025-12-01,DETROIT FIELD,0.0,280.0,1113.1303191378404
2025-12-01,DETROIT SECTOR,0.0,12.0,16.3254
2025-12-01,EL CENTRO,0.0,13.0,90.73970000000001
2025-12-01,EL PASO,0.0,81.0,269.286306826505
2025-12-01,GRAND FORKS,0.0,2.0,0.9347
2025-12-01,HOULTON SECTOR,0.0,4.0,1.0373
2025-12-01,HOUSTON FIELD,0.0,53.0,72.4641377288516
2025-12-01,LAREDO FIELD,0.0,70.0,6340.690116961489
2025-12-01,LAREDO SECTOR,0.0,15.0,260.05230000000006
2025-12-01,LOS ANGELES,0.0,215.0,1649.1779378314686
2025-12-01,MIAMI FIELD,0.0,420.0,552.3367154299864
2025-12-01,MIAMI SECTOR,0.0,5.0,37.0484
2025-12-01,NEW ORLEANS,0.0,399.0,2556.80887036462
2025-12-01,NEW YORK,0.0,733.0,5175.81410822945
2025-12-01,PORTLAND FIELD,0.0,8.0,85.32046067606021
2025-12-01,PRECLEARANCE FIELD,0.0,27.0,4.2339777417099995
2025-12-01,RAMEY SECTOR,0.0,1.0,5274.5805
2025-12-01,RIO GRANDE,0.0,44.0,1528.9836999999998
2025-12-01,SAN DIEGO,0.0,187.0,5463.017209627975
2025-12-01,SAN FRANCISCO,0.0,110.0,1095.9785756165024
2025-12-01,SAN JUAN,0.0,131.0,1211.589162179112
2025-12-01,SEATTLE FIELD,0.0,102.0,89.5513739923284
2025-12-01,SPOKANE SECTOR,0.0,10.0,2.2445
2025-12-01,SWANTON SECTOR,0.0,2.0,0.1087
2025-12-01,TAMPA FIELD,0.0,10.0,32.354380184334
2025-12-01,TUCSON FIELD,0.0,57.0,1463.3530309237174
2025-12-01,TUCSON SECTOR,0.0,37.0,131.3221
2025-12-01,YUMA SECTOR,0.0,5.0,75.9972
